source,target,weight,global_score
648,555,8876,8876
648,708,8838,8838
259,730,8601,8601
733,571,8269,8269
647,571,7566,7566
730,700,6956,6956
730,663,6626,6626
663,725,5999,5999
199,733,5873,5873
571,725,5594,5594
702,597,5512,5512
529,697,5488,5488
700,725,5487,5487
730,554,5468,5468
648,514,5410,5410
259,647,5294,5294
529,981,5258,5258
259,702,5200,5200
591,132,4997,4997
259,554,4868,4868
259,718,4854,4854
554,725,4784,4784
700,736,4778,4778
128,648,4687,4687
128,733,4666,4666
506,737,4660,4660
647,718,4553,4553
554,736,4506,4506
259,574,4465,4465
730,673,4457,4457
648,552,4425,4425
259,682,4389,4389
648,674,4381,4381
259,725,4298,4298
259,579,4295,4295
648,688,4276,4276
128,575,4232,4232
700,697,4195,4195
575,720,4081,4081
1265,1260,3979,3979
648,733,3959,3959
702,718,3928,3928
702,571,3906,3906
645,758,3879,3879
259,132,3871,3871
259,128,3828,3828
128,627,3762,3762
733,708,3743,3743
280,648,3664,3664
730,571,3664,3664
554,697,3645,3645
700,726,3637,3637
733,552,3590,3590
529,548,3575,3575
506,723,3563,3563
571,697,3421,3421
691,1417,3410,3410
575,514,3393,3393
259,510,3345,3345
199,591,3341,3341
128,647,3340,3340
733,674,3329,3329
529,806,3303,3303
673,725,3296,3296
645,648,3288,3288
806,575,3283,3283
128,663,3257,3257
661,741,3255,3255
806,673,3240,3240
571,689,3192,3192
157,730,3191,3191
571,510,3186,3186
506,697,3178,3178
663,723,3164,3164
651,2194,3162,3162
574,128,3150,3150
691,858,3146,3146
733,739,3115,3115
981,579,3092,3092
259,965,3064,3064
625,702,3011,3011
806,579,3005,3005
554,737,2967,2967
597,674,2953,2953
579,725,2943,2943
506,858,2942,2942
157,683,2938,2938
730,597,2933,2933
1733,1706,2914,2914
579,965,2897,2897
645,893,2873,2873
199,1573,2865,2865
682,683,2860,2860
730,806,2847,2847
648,765,2826,2826
651,2191,2822,2822
128,673,2802,2802
1659,199,2796,2796
199,574,2796,2796
157,702,2787,2787
691,1542,2769,2769
702,673,2758,2758
128,597,2747,2747
806,733,2746,2746
204,691,2715,2715
506,488,2695,2695
204,733,2678,2678
591,736,2659,2659
725,683,2657,2657
199,730,2654,2654
682,597,2645,2645
571,736,2642,2642
506,2190,2637,2637
199,648,2625,2625
806,1573,2618,2618
128,571,2616,2616
204,648,2609,2609
647,648,2605,2605
199,132,2598,2598
157,725,2587,2587
875,885,2574,2574
806,682,2572,2572
733,1734,2569,2569
674,741,2569,2569
682,741,2567,2567
648,695,2565,2565
691,651,2548,2548
571,724,2532,2532
506,498,2532,2532
199,579,2528,2528
575,1202,2524,2524
571,578,2523,2523
204,645,2519,2519
691,722,2514,2514
280,591,2508,2508
806,627,2503,2503
806,965,2497,2497
199,529,2495,2495
691,1264,2495,2495
128,554,2485,2485
691,2190,2470,2470
651,689,2469,2469
736,718,2462,2462
575,612,2458,2458
204,591,2455,2455
806,700,2453,2453
280,730,2438,2438
691,765,2435,2435
682,981,2433,2433
575,1187,2412,2412
651,653,2407,2407
280,625,2402,2402
575,765,2387,2387
648,1323,2376,2376
733,726,2371,2371
259,1734,2370,2370
647,520,2344,2344
506,536,2343,2343
736,527,2333,2333
552,741,2330,2330
575,692,2325,2325
647,514,2322,2322
529,2183,2314,2314
625,965,2306,2306
280,627,2300,2300
574,724,2300,2300
741,498,2292,2292
651,578,2291,2291
730,674,2286,2286
506,586,2286,2286
225,765,2279,2279
157,893,2272,2272
529,735,2271,2271
674,683,2270,2270
904,885,2269,2269
702,537,2264,2264
157,204,2260,2260
574,2191,2252,2252
893,733,2247,2247
1518,1548,2240,2240
591,726,2224,2224
132,627,2221,2221
591,984,2210,2210
648,741,2207,2207
199,1542,2203,2203
292,904,2202,2202
259,150,2201,2201
648,602,2201,2201
733,1808,2195,2195
193,591,2194,2194
591,661,2189,2189
806,736,2187,2187
273,758,2178,2178
575,1417,2176,2176
700,510,2172,2172
506,765,2169,2169
736,565,2165,2165
893,691,2161,2161
645,1808,2157,2157
697,488,2156,2156
128,682,2155,2155
539,510,2155,2155
259,539,2152,2152
627,697,2146,2146
741,726,2145,2145
647,643,2142,2142
199,128,2141,2141
682,720,2139,2139
733,981,2139,2139
597,661,2135,2135
730,726,2130,2130
691,506,2130,2130
645,1542,2118,2118
691,712,2113,2113
981,552,2111,2111
663,689,2106,2106
157,1734,2103,2103
691,974,2094,2094
552,510,2094,2094
645,875,2080,2080
1659,806,2074,2074
574,514,2072,2072
736,683,2063,2063
700,286,2061,2061
157,724,2058,2058
736,632,2057,2057
237,691,2054,2054
365,891,2046,2046
893,648,2040,2040
627,720,2039,2039
204,625,2029,2029
702,1187,2021,2021
645,1202,2017,2017
280,529,2013,2013
645,737,2008,2008
645,132,2007,2007
806,1542,2007,2007
645,733,2004,2004
199,663,2003,2003
204,529,1996,1996
204,1573,1996,1996
645,735,1994,1994
575,1264,1990,1990
280,1573,1986,1986
529,858,1983,1983
663,611,1979,1979
627,692,1971,1971
691,984,1965,1965
893,1573,1958,1958
579,643,1953,1953
514,673,1951,1951
591,1202,1948,1948
1788,1851,1948,1948
506,671,1947,1947
1808,1706,1944,1944
554,537,1938,1938
645,1734,1934,1934
673,552,1927,1927
1659,204,1914,1914
201,885,1913,1913
648,858,1912,1912
758,1096,1907,1907
702,981,1906,1906
723,741,1900,1900
529,1417,1899,1899
981,736,1898,1898
280,691,1896,1896
597,498,1896,1896
700,765,1895,1895
682,692,1894,1894
203,691,1892,1892
673,758,1891,1891
625,697,1888,1888
591,893,1875,1875
858,286,1870,1870
651,611,1867,1867
280,575,1863,1863
575,722,1861,1861
259,645,1860,1860
806,554,1845,1845
627,1202,1844,1844
128,53,1843,1843
730,488,1840,1840
157,193,1837,1837
1666,1542,1833,1833
237,645,1828,1828
554,965,1823,1823
625,806,1821,1821
663,2067,1821,1821
1208,1268,1814,1814
591,688,1813,1813
691,1894,1813,1813
571,1417,1813,1813
199,673,1811,1811
552,683,1811,1811
806,565,1807,1807
875,691,1799,1799
506,286,1797,1797
1659,893,1795,1795
1187,725,1791,1791
94,691,1781,1781
648,1392,1780,1780
648,691,1777,1777
259,1202,1772,1772
591,689,1772,1772
682,735,1771,1771
209,758,1762,1762
579,695,1762,1762
648,735,1760,1760
730,648,1757,1757
539,688,1757,1757
157,875,1752,1752
1659,1033,1748,1748
733,286,1740,1740
529,1202,1735,1735
554,286,1735,1735
157,1202,1733,1733
981,632,1729,1729
591,697,1727,1727
981,708,1724,1724
591,286,1716,1716
199,627,1715,1715
665,737,1715,1715
1798,1844,1714,1714
286,1096,1710,1710
506,1264,1708,1708
856,885,1708,1708
574,648,1706,1706
718,618,1705,1705
259,94,1697,1697
651,506,1697,1697
510,687,1694,1694
571,653,1691,1691
733,688,1690,1690
53,648,1688,1688
627,984,1687,1687
663,1323,1687,1687
885,340,1686,1686
77,691,1685,1685
529,765,1684,1684
730,538,1680,1680
552,724,1676,1676
597,552,1675,1675
365,765,1674,1674
225,893,1673,1673
1659,280,1672,1672
292,157,1669,1669
579,548,1666,1666
1752,1820,1662,1662
645,1264,1661,1661
981,965,1659,1659
506,2067,1657,1657
730,1202,1656,1656
651,613,1656,1656
157,1542,1655,1655
259,1653,1655,1655
201,858,1652,1652
193,625,1651,1651
730,2190,1651,1651
292,865,1650,1650
1759,1845,1644,1644
645,891,1639,1639
150,702,1636,1636
199,150,1632,1632
625,893,1631,1631
673,2189,1628,1628
697,1187,1626,1626
199,700,1624,1624
1666,1733,1623,1623
575,650,1620,1620
132,1264,1619,1619
575,594,1619,1619
280,700,1616,1616
1096,765,1615,1615
1254,1208,1611,1611
157,128,1609,1609
575,600,1609,1609
682,643,1608,1608
201,765,1602,1602
691,1187,1600,1600
280,1542,1599,1599
730,733,1599,1599
575,593,1597,1597
645,800,1592,1592
529,893,1587,1587
193,691,1586,1586
132,1201,1584,1584
625,737,1583,1583
651,2183,1583,1583
552,695,1582,1582
627,674,1575,1575
1659,1653,1570,1570
673,720,1568,1568
1201,1542,1567,1567
575,506,1564,1564
1734,1579,1563,1563
574,612,1558,1558
157,758,1555,1555
1254,1219,1553,1553
204,1734,1552,1552
201,800,1552,1552
651,520,1552,1552
365,800,1550,1550
157,153,1546,1546
529,1005,1546,1546
506,1187,1546,1546
647,611,1545,1545
648,2194,1545,1545
280,1264,1544,1544
591,965,1542,1542
765,833,1539,1539
506,2182,1535,1535
674,724,1534,1534
806,1653,1533,1533
625,94,1531,1531
574,1202,1529,1529
645,209,1528,1528
150,725,1527,1527
1064,1068,1527,1527
1734,1812,1523,1523
575,1189,1522,1522
204,506,1513,1513
575,648,1513,1513
682,737,1512,1512
193,645,1510,1510
661,683,1507,1507
571,1005,1506,1506
730,741,1505,1505
286,864,1505,1505
259,766,1504,1504
647,498,1501,1501
554,578,1501,1501
645,203,1498,1498
1264,1788,1497,1497
647,714,1494,1494
858,1808,1492,1492
1542,1851,1491,1491
625,875,1485,1485
132,1808,1485,1485
514,718,1485,1485
1659,904,1484,1484
708,739,1484,1484
645,1366,1481,1481
365,286,1480,1480
965,966,1480,1480
574,702,1479,1479
579,1808,1474,1474
663,506,1473,1473
591,885,1470,1470
199,554,1469,1469
204,128,1469,1469
575,680,1468,1468
597,739,1467,1467
1759,1820,1463,1463
648,528,1460,1460
702,578,1460,1460
1573,1706,1460,1460
682,2067,1459,1459
237,856,1457,1457
203,813,1457,1457
53,733,1457,1457
648,506,1457,1457
280,1734,1455,1455
591,578,1455,1455
627,737,1453,1453
1759,1812,1453,1453
506,597,1452,1452
697,2190,1449,1449
259,1323,1442,1442
1306,1336,1441,1441
529,286,1440,1440
308,858,1437,1437
625,286,1437,1437
627,611,1436,1436
645,856,1435,1435
1548,1560,1434,1434
259,890,1433,1433
648,702,1431,1431
571,2183,1431,1431
645,986,1429,1429
591,1366,1428,1428
1808,1642,1428,1428
800,286,1427,1427
574,569,1425,1425
702,965,1425,1425
702,1189,1425,1425
806,708,1424,1424
506,952,1424,1424
591,858,1423,1423
575,691,1423,1423
691,536,1422,1422
514,565,1422,1422
225,286,1421,1421
645,1187,1421,1421
625,1202,1420,1420
651,680,1419,1419
128,134,1418,1418
700,758,1418,1418
1752,1812,1418,1418
708,724,1417,1417
632,724,1415,1415
1790,1851,1413,1413
691,1808,1412,1412
225,645,1411,1411
199,1548,1410,1410
308,904,1409,1409
673,692,1409,1409
102,691,1408,1408
702,1161,1408,1408
891,865,1406,1406
292,645,1405,1405
1659,1219,1404,1404
627,1366,1403,1403
575,541,1402,1402
691,952,1401,1401
575,2183,1400,1400
579,2183,1399,1399
648,1187,1398,1398
157,904,1393,1393
575,613,1390,1390
571,680,1390,1390
209,847,1389,1389
529,691,1387,1387
733,987,1387,1387
155,94,1380,1380
691,733,1380,1380
736,739,1380,1380
529,648,1378,1378
806,1456,1378,1378
157,1808,1377,1377
308,813,1376,1376
199,575,1373,1373
273,765,1373,1373
691,1734,1373,1373
555,724,1372,1372
708,667,1372,1372
591,150,1371,1371
625,661,1371,1371
691,528,1370,1370
514,708,1370,1370
741,611,1370,1370
529,2067,1368,1368
209,800,1368,1368
280,132,1367,1367
53,691,1364,1364
237,858,1363,1363
1833,1847,1362,1362
506,507,1361,1361
1542,1808,1359,1359
1591,1598,1359,1359
682,498,1358,1358
661,687,1358,1358
645,739,1357,1357
981,765,1357,1357
199,1095,1352,1352
806,1752,1352,1352
697,661,1352,1352
94,554,1350,1350
1808,1844,1350,1350
1187,1189,1349,1349
132,1734,1348,1348
1306,1311,1346,1346
259,856,1344,1344
280,128,1344,1344
237,864,1341,1341
700,858,1341,1341
204,1808,1336,1336
308,885,1334,1334
1272,1288,1334,1334
94,134,1333,1333
648,737,1333,1333
1734,1653,1332,1332
280,965,1331,1331
506,608,1331,1331
591,806,1328,1328
733,952,1327,1327
506,559,1326,1326
645,1095,1325,1325
875,1734,1324,1324
575,1323,1324,1324
858,1456,1320,1320
1734,1759,1320,1320
741,569,1320,1320
529,651,1319,1319
506,578,1316,1316
571,674,1315,1315
591,1734,1314,1314
965,952,1314,1314
132,1187,1312,1312
700,506,1312,1312
673,858,1310,1310
1518,1560,1309,1309
259,769,1308,1308
1808,1208,1308,1308
280,1095,1307,1307
891,286,1307,1307
552,661,1307,1307
1508,765,1307,1307
1201,1833,1304,1304
199,1518,1303,1303
1659,1716,1302,1302
193,1573,1299,1299
663,542,1299,1299
1573,1219,1298,1298
204,884,1297,1297
700,929,1297,1297
1666,1706,1296,1296
904,691,1294,1294
981,565,1293,1293
286,833,1293,1293
733,971,1292,1292
591,1542,1291,1291
150,663,1291,1291
673,847,1291,1291
1201,1642,1291,1291
700,695,1290,1290
199,1202,1287,1287
1808,1598,1286,1286
691,737,1285,1285
237,506,1284,1284
1187,735,1284,1284
625,1264,1283,1283
597,632,1283,1283
847,1456,1282,1282
237,875,1281,1281
591,2194,1280,1280
875,286,1279,1279
1659,1642,1276,1276
529,506,1275,1275
625,984,1273,1273
506,673,1273,1273
738,618,1272,1272
647,1264,1270,1270
682,2191,1268,1268
204,627,1267,1267
574,1187,1267,1267
591,2191,1266,1266
806,1202,1266,1266
201,286,1264,1264
237,833,1263,1263
193,128,1262,1262
736,726,1262,1262
273,864,1261,1261
725,528,1260,1260
648,986,1259,1259
1264,1778,1258,1258
199,647,1256,1256
647,733,1253,1253
739,611,1253,1253
591,53,1252,1252
691,685,1252,1252
1734,765,1252,1252
157,651,1251,1251
591,1187,1250,1250
1573,1227,1249,1249
273,891,1247,1247
204,1548,1246,1246
758,1456,1246,1246
292,1573,1245,1245
204,1456,1245,1245
929,708,1245,1245
904,1573,1244,1244
308,891,1243,1243
204,132,1242,1242
209,691,1242,1242
292,856,1240,1240
700,520,1239,1239
591,2189,1236,1236
733,683,1236,1236
554,671,1236,1236
292,691,1235,1235
893,1734,1232,1232
157,132,1229,1229
529,571,1227,1227
204,273,1226,1226
579,966,1226,1226
981,739,1225,1225
1764,1845,1224,1224
273,766,1222,1222
806,1095,1221,1221
1733,1202,1218,1218
574,506,1218,1218
981,718,1217,1217
700,2191,1216,1216
904,648,1215,1215
1734,1833,1213,1213
157,88,1209,1209
1202,725,1209,1209
1518,1653,1209,1209
682,520,1208,1208
237,813,1207,1207
225,885,1206,1206
891,340,1205,1205
575,712,1205,1205
597,565,1205,1205
157,739,1204,1204
157,691,1202,1202
132,1202,1201,1201
575,695,1200,1200
571,546,1200,1200
204,1542,1198,1198
893,1542,1198,1198
708,618,1198,1198
259,753,1196,1196
730,690,1196,1196
365,1573,1195,1195
575,548,1194,1194
237,765,1193,1193
365,645,1193,1193
574,647,1192,1192
1733,1734,1191,1191
529,885,1191,1191
625,688,1190,1190
514,695,1189,1189
1642,1625,1189,1189
273,800,1188,1188
209,813,1188,1188
280,697,1187,1187
579,1417,1187,1187
1734,1752,1187,1187
1788,1805,1187,1187
647,578,1185,1185
571,709,1180,1180
554,2182,1180,1180
552,548,1180,1180
201,813,1179,1179
665,697,1179,1179
365,591,1177,1177
199,273,1176,1176
645,1508,1174,1174
571,506,1172,1172
700,1005,1170,1170
627,1734,1168,1168
1734,1757,1168,1168
1189,737,1166,1166
280,1752,1164,1164
645,724,1164,1164
645,1201,1164,1164
209,757,1164,1164
132,150,1164,1164
571,642,1164,1164
201,891,1163,1163
286,769,1163,1163
904,1734,1162,1162
1573,1208,1161,1161
1659,1227,1160,1160
730,1808,1159,1159
203,865,1158,1158
529,984,1156,1156
806,343,1156,1156
554,2067,1156,1156
682,691,1153,1153
691,929,1151,1151
904,1808,1148,1148
571,496,1148,1148
741,542,1147,1147
730,697,1144,1144
733,725,1144,1144
858,1542,1143,1143
591,765,1142,1142
209,856,1142,1142
574,691,1141,1141
591,758,1141,1141
645,1096,1141,1141
847,1573,1140,1140
730,1201,1137,1137
1753,1851,1137,1137
157,1264,1135,1135
529,929,1132,1132
591,1808,1132,1132
574,730,1131,1131
691,571,1131,1131
259,1093,1130,1130
237,800,1129,1129
575,1005,1129,1129
1734,1810,1128,1128
53,94,1127,1127
625,981,1126,1126
893,1808,1126,1126
697,1189,1126,1126
157,885,1123,1123
150,53,1122,1122
225,237,1120,1120
730,1264,1120,1120
1033,1808,1120,1120
193,1734,1119,1119
203,648,1118,1118
575,1366,1118,1118
554,858,1118,1118
574,664,1116,1116
2060,1753,1116,1116
157,340,1115,1115
529,723,1115,1115
625,904,1115,1115
651,2186,1115,1115
806,1598,1114,1114
1264,1542,1113,1113
506,984,1112,1112
292,648,1110,1110
280,150,1108,1108
204,700,1107,1107
702,1183,1107,1107
210,758,1106,1106
506,539,1106,1106
199,965,1103,1103
199,1205,1101,1101
1752,1205,1101,1101
1825,1851,1101,1101
647,966,1100,1100
691,971,1100,1100
292,591,1098,1098
858,1734,1098,1098
199,1653,1096,1096
981,661,1096,1096
574,965,1092,1092
225,800,1091,1091
758,236,1091,1091
571,2186,1089,1089
891,1096,1087,1087
574,736,1085,1085
591,987,1085,1085
209,766,1085,1085
1642,1614,1084,1084
806,270,1083,1083
150,697,1083,1083
893,1548,1082,1082
579,685,1082,1082
627,735,1081,1081
204,1096,1079,1079
272,758,1079,1079
893,1202,1076,1076
128,858,1074,1074
575,1392,1074,1074
157,984,1073,1073
591,506,1072,1072
1342,1346,1072,1072
1659,1633,1071,1071
579,688,1071,1071
625,891,1068,1068
858,884,1068,1068
286,847,1068,1068
510,737,1068,1068
1254,1653,1067,1067
237,847,1066,1066
893,128,1065,1065
539,653,1065,1065
691,1189,1063,1063
1733,733,1062,1062
645,150,1062,1062
806,838,1062,1062
648,736,1062,1062
340,765,1060,1060
730,1734,1059,1059
1189,725,1059,1059
663,1366,1057,1057
700,1894,1057,1057
673,612,1057,1057
1734,1598,1057,1057
272,806,1056,1056
758,343,1055,1055
597,720,1054,1054
150,77,1053,1053
259,1264,1052,1052
132,682,1052,1052
733,1205,1052,1052
1189,735,1052,1052
529,685,1051,1051
574,575,1051,1051
574,682,1050,1050
645,1392,1050,1050
571,667,1050,1050
1734,1798,1049,1049
981,674,1048,1048
554,618,1048,1048
539,488,1048,1048
965,1323,1047,1047
648,717,1046,1046
506,741,1046,1046
893,1096,1045,1045
209,1734,1045,1045
682,712,1044,1044
733,692,1044,1044
514,724,1043,1043
1667,1716,1041,1041
225,891,1040,1040
1808,847,1039,1039
730,691,1038,1038
1254,1264,1038,1038
1205,1598,1037,1037
273,847,1036,1036
308,847,1036,1036
627,648,1035,1035
651,592,1035,1035
506,966,1035,1035
625,1734,1034,1034
645,647,1034,1034
554,1417,1033,1033
1752,1798,1032,1032
529,542,1031,1031
575,1894,1029,1029
981,978,1029,1029
736,1187,1028,1028
647,537,1027,1027
1264,1614,1027,1027
1573,1809,1027,1027
157,94,1025,1025
806,1064,1024,1024
627,691,1024,1024
365,691,1023,1023
591,203,1023,1023
730,1183,1023,1023
554,506,1023,1023
2060,1825,1023,1023
157,1323,1020,1020
1796,1847,1020,1020
893,673,1018,1018
651,685,1018,1018
1659,1575,1017,1017
645,1548,1017,1017
730,1161,1016,1016
806,1548,1016,1016
579,546,1016,1016
1264,1764,1016,1016
591,611,1015,1015
733,1202,1015,1015
273,856,1014,1014
574,680,1013,1013
663,569,1013,1013
645,1005,1012,1012
730,702,1012,1012
858,236,1012,1012
1202,1591,1012,1012
539,520,1012,1012
1659,292,1009,1009
204,1518,1007,1007
1548,1562,1007,1007
702,1184,1006,1006
691,579,1005,1005
529,645,1004,1004
858,343,1003,1003
203,1734,1002,1002
858,1573,1002,1002
292,1734,1001,1001
1033,1716,1001,1001
259,648,1000,1000
806,1518,1000,1000
806,744,998,998
575,549,998,998
1733,1201,997,997
591,891,997,997
893,368,996,996
273,833,995,995
529,733,995,995
1833,1820,994,994
292,733,993,993
733,1184,993,993
1342,1322,993,993
806,1591,992,992
209,861,991,991
575,651,991,991
691,541,990,990
965,725,990,990
1347,1311,990,990
53,702,987,987
806,1201,986,986
806,368,985,985
1833,1759,984,984
1764,1847,984,984
691,546,983,983
1370,1371,982,982
259,1752,980,980
280,1653,980,980
625,858,980,980
1666,1702,979,979
1733,1808,979,979
645,340,979,979
157,1366,978,978
712,697,978,978
591,618,977,977
682,2190,977,977
1264,1579,977,977
199,1254,975,975
53,647,975,975
1666,1573,974,974
691,671,974,974
292,625,973,973
132,738,971,971
691,966,971,971
259,1068,970,970
806,859,970,970
579,1264,970,970
292,861,969,969
157,661,969,969
663,286,969,969
203,800,967,967
280,1202,966,966
648,965,966,966
1798,1759,966,966
597,714,965,965
259,1092,963,963
1542,2060,963,963
575,627,962,962
1202,1752,962,962
514,1417,961,961
627,690,960,960
225,847,959,959
286,890,959,959
1573,1790,959,959
1659,1790,958,958
574,692,957,957
77,571,957,957
702,2189,957,957
552,498,957,957
591,733,956,956
571,740,956,956
1542,1656,956,956
571,2193,955,955
365,865,954,954
627,1187,954,954
893,1450,952,952
856,286,952,952
1548,1536,952,952
365,856,951,951
574,733,950,950
597,555,950,950
627,506,949,949
554,1323,949,949
1753,1847,949,949
193,1450,948,948
53,627,948,948
981,510,948,948
648,1161,947,947
974,735,947,947
575,1353,946,946
1542,1573,946,946
308,286,945,945
645,687,945,945
199,1201,944,944
204,1095,944,944
965,738,944,944
203,890,943,943
1733,1705,942,942
1187,737,942,942
579,1734,941,941
259,1456,940,940
647,1161,940,940
663,720,940,940
1201,1825,939,939
691,986,938,938
506,974,938,938
286,852,937,937
1548,1059,937,937
1573,1762,937,937
1303,1318,937,937
280,1456,936,936
733,697,934,934
204,1264,933,933
591,209,933,933
806,1068,932,932
904,1542,932,932
885,864,932,932
1659,847,931,931
647,506,931,931
571,651,931,931
682,1161,930,930
702,653,930,930
193,884,929,929
665,690,929,929
157,150,928,928
904,765,928,928
1733,1264,927,927
579,506,927,927
1808,1614,927,927
273,885,926,926
280,1201,926,926
201,766,926,926
597,613,926,926
1187,1201,926,926
1201,1851,926,926
647,653,925,925
201,859,924,924
575,546,924,924
1573,1579,924,924
575,986,923,923
691,1005,923,923
527,714,923,923
1653,1642,923,923
893,1456,922,922
806,1094,921,921
280,1450,919,919
625,739,919,919
645,726,919,919
730,647,919,919
153,733,919,919
157,674,918,918
199,94,917,917
259,343,917,917
308,645,917,917
308,1573,917,917
203,861,917,917
1548,1565,917,917
885,852,916,916
280,1518,912,912
1367,1371,911,911
1752,1642,910,910
225,203,909,909
627,1417,909,909
565,611,909,909
806,333,907,907
591,201,905,905
691,565,905,905
858,1096,905,905
1579,1571,905,905
292,1808,904,904
1096,1653,903,903
1264,1205,902,902
697,741,900,900
1788,1784,899,899
157,865,898,898
574,622,898,898
591,663,898,898
648,687,897,897
1542,847,897,897
286,851,897,897
651,673,896,896
733,488,895,895
1254,1268,894,894
1796,1851,894,894
1733,1598,893,893
627,2183,893,893
806,924,892,892
730,652,891,891
893,236,889,889
648,697,889,889
661,488,889,889
1642,1610,889,889
648,725,888,888
682,537,888,888
280,1548,887,887
891,128,887,887
94,571,887,887
724,714,886,886
506,683,885,885
127,128,884,884
691,687,884,884
1201,1788,884,884
527,726,883,883
1659,1809,881,881
292,1096,881,881
259,691,881,881
647,702,880,880
965,726,880,880
1261,1260,880,880
193,1548,879,879
1254,1598,879,879
204,368,878,878
665,722,878,878
875,1456,877,877
1734,340,876,876
292,461,875,875
627,1264,875,875
893,1518,873,873
132,53,873,873
1752,1833,873,873
645,1294,872,872
875,766,872,872
1734,1761,872,872
204,1254,869,869
651,650,869,869
193,368,868,868
259,1272,868,868
891,1734,868,868
128,1894,868,868
554,1005,868,868
506,598,868,868
858,1548,868,868
1666,1653,867,867
204,461,867,867
625,1366,867,867
225,1542,866,866
1653,1633,866,866
102,128,865,865
1261,1265,865,865
1093,1548,864,864
365,1734,862,862
201,781,862,862
193,700,861,861
1659,1542,860,860
663,598,860,860
1745,1769,860,860
1659,858,859,859
1033,1573,859,859
771,864,859,859
579,541,858,858
193,506,857,857
733,539,857,857
1733,1667,856,856
1748,1770,856,856
209,753,855,855
893,461,854,854
199,1064,853,853
132,153,853,853
461,1054,853,853
663,664,852,852
568,618,852,852
1575,1580,852,852
575,733,851,851
506,643,851,851
1560,1565,851,851
591,1005,850,850
1184,725,850,850
259,1450,849,849
741,619,849,849
308,864,848,848
691,1323,848,848
765,1507,848,848
1733,1033,847,847
203,1456,847,847
53,575,847,847
965,1353,847,847
865,1456,847,847
308,856,846,846
365,904,846,846
651,541,846,846
506,512,846,846
1548,1567,846,846
627,986,845,845
648,1254,845,845
813,286,845,845
286,763,845,845
1656,1630,845,845
1734,1642,844,844
203,1096,843,843
575,2177,842,842
682,488,842,842
702,733,842,842
259,53,841,841
769,864,841,841
730,727,840,840
806,1205,840,840
904,343,840,840
292,236,839,839
259,1507,839,839
1201,1614,839,839
1264,1790,838,838
730,689,837,837
893,700,837,837
1201,1548,837,837
199,1093,836,836
971,736,836,836
461,1101,836,836
1064,1548,836,836
77,663,835,835
1456,2085,835,835
1825,1759,835,835
574,727,834,834
565,674,834,834
905,912,834,834
574,974,833,833
575,556,833,833
157,286,832,832
1598,1706,832,832
1778,1845,832,832
618,643,832,832
259,1101,831,831
506,1202,831,831
758,769,831,831
1748,1769,831,831
691,702,830,830
800,340,830,830
625,2189,829,829
132,1189,829,829
651,630,829,829
579,653,829,829
574,588,828,828
625,1417,828,828
806,1294,828,828
682,506,828,828
682,688,828,828
1542,1734,828,828
1093,1530,828,828
1456,1515,828,828
575,676,827,827
627,613,827,827
597,2191,826,826
1706,1716,826,826
682,602,825,825
885,890,825,825
691,1095,824,824
682,569,823,823
725,729,823,823
199,1591,822,822
627,650,822,822
554,498,822,822
365,648,820,820
529,700,819,819
691,622,819,819
157,1417,818,818
237,859,818,818
237,1096,818,818
627,541,818,818
651,554,818,818
1894,579,818,818
199,1323,817,817
765,744,817,817
1733,1681,816,816
1733,1730,816,816
647,984,816,816
648,663,816,816
506,986,816,816
199,838,815,815
280,1096,815,815
1894,632,815,815
308,833,814,814
1752,1706,814,814
645,663,813,813
691,632,813,813
2060,1812,813,813
813,847,812,812
204,1450,811,811
904,627,810,810
286,1095,810,810
663,700,809,809
1734,847,809,809
1752,1806,808,808
885,1096,807,807
1205,1642,807,807
1208,1234,807,807
645,989,806,806
506,718,805,805
1518,1567,805,805
766,864,804,804
736,688,804,804
193,461,803,803
645,652,803,803
157,237,802,802
575,564,802,802
691,340,802,802
929,579,802,802
697,652,802,802
891,1456,801,801
648,865,801,801
758,368,801,801
259,744,800,800
665,2190,800,800
1202,1706,800,800
1808,1851,800,800
730,132,799,799
733,1254,799,799
885,833,799,799
529,539,798,798
209,865,797,797
1734,1788,796,796
591,648,795,795
1033,1727,795,795
673,885,794,794
1183,735,794,794
199,1068,793,793
625,726,793,793
799,286,793,793
648,2182,792,792
929,552,792,792
128,651,791,791
575,958,791,791
1201,1202,791,791
1264,765,791,791
1727,1730,791,791
1808,1548,790,790
1659,1573,788,788
157,813,788,788
875,1202,788,788
132,971,788,788
702,725,788,788
591,680,787,787
591,691,787,787
209,236,787,787
891,890,787,787
273,878,786,786
365,295,786,786
806,841,786,786
856,1456,786,786
1573,1825,786,786
1575,1577,786,786
1659,1565,785,785
579,1005,784,784
280,461,783,783
237,904,782,782
308,591,782,782
1734,1778,782,782
565,661,782,782
529,930,781,781
691,700,781,781
554,689,781,781
1205,1591,781,781
1659,1764,780,780
292,833,780,780
259,1560,780,780
1633,1656,780,780
591,1518,779,779
209,799,779,779
1184,1187,779,779
157,856,778,778
904,1095,778,778
647,691,778,778
1184,735,778,778
193,838,776,776
209,890,776,776
506,1323,776,776
858,1264,776,776
697,727,776,776
565,724,776,776
157,89,775,775
88,648,775,775
157,1201,774,774
627,1323,774,774
647,725,774,774
1548,1526,774,774
1653,1656,774,774
259,799,773,773
280,368,773,773
893,890,773,773
210,858,773,773
733,559,772,772
208,286,771,771
539,611,771,771
765,1573,771,771
730,737,770,770
1659,1798,769,769
810,885,769,769
259,763,768,768
259,1567,768,768
1201,1778,768,768
1366,1371,768,768
1825,1845,768,768
765,1450,767,767
625,1187,766,766
1264,1642,766,766
1706,1727,766,766
904,1653,765,765
1806,1773,765,765
645,1121,764,764
1798,1579,763,763
575,647,762,762
225,875,761,761
280,744,761,761
591,1894,761,761
1202,1809,761,761
237,308,760,760
758,1450,760,760
201,833,758,758
209,744,758,758
1573,1796,758,758
273,813,757,757
203,869,757,757
875,461,757,757
648,1096,757,757
199,1598,755,755
733,506,755,755
858,1294,755,755
1187,1808,755,755
539,1005,755,755
965,978,754,754
736,974,754,754
1202,735,754,754
203,506,753,753
1096,1706,753,753
1573,1764,753,753
736,1161,752,752
1752,1778,751,751
1518,1565,751,751
673,1371,750,750
579,1202,749,749
769,757,749,749
682,723,748,748
691,663,748,748
1666,1201,747,747
461,1064,747,747
904,286,746,746
591,986,745,745
647,549,745,745
259,1294,744,744
209,859,744,744
648,628,744,744
691,987,744,744
700,685,744,744
1189,687,744,744
1254,1241,744,744
667,726,744,744
806,981,743,743
554,2177,743,743
225,1808,742,742
856,236,742,742
199,757,741,741
203,673,741,741
565,643,741,741
259,747,740,740
259,924,740,740
574,542,739,739
647,2194,739,739
691,552,739,739
1518,1059,738,738
625,648,737,737
702,506,737,737
800,343,737,737
1653,1630,737,737
201,1096,736,736
1093,1573,736,736
730,575,735,735
1183,1187,735,735
1706,1681,735,735
891,1095,734,734
765,333,734,734
1598,1590,733,733
875,1548,732,732
682,702,732,732
797,286,732,732
94,579,731,731
1798,1740,731,731
858,1202,730,730
885,1323,730,730
736,2189,730,730
565,680,730,730
203,924,729,729
1059,1060,729,729
1844,1841,729,729
1456,1437,728,728
647,598,727,727
199,921,726,726
273,810,726,726
700,1422,726,726
673,520,726,726
618,653,726,726
893,333,725,725
259,1530,724,724
730,725,724,724
1659,1610,723,723
806,1092,723,723
648,1033,723,723
800,1456,723,723
1806,1759,723,723
365,1096,722,722
1734,1847,722,722
286,781,722,722
806,753,721,721
691,527,721,721
885,1450,721,721
858,258,720,720
1187,1202,720,720
1456,1477,720,720
893,506,719,719
981,663,719,719
575,685,718,718
575,1294,718,718
648,1752,718,718
554,535,718,718
800,236,718,718
1734,1825,718,718
1456,2304,718,718
929,539,717,717
308,203,716,716
691,1548,716,716
1573,1205,716,716
952,977,716,716
625,986,715,715
691,2186,715,715
506,1294,715,715
1353,765,715,715
1094,1101,715,715
591,597,714,714
308,875,713,713
575,984,713,713
506,593,713,713
597,511,713,713
708,718,713,713
280,868,712,712
201,856,712,712
1734,1591,712,712
204,965,711,711
597,650,711,711
1187,1264,711,711
1659,758,710,710
691,555,710,710
1808,1591,710,710
1579,2578,710,710
691,673,709,709
625,987,708,708
806,468,708,708
1573,1575,708,708
506,1422,707,707
1366,1370,707,707
1575,1571,707,707
237,865,706,706
645,488,706,706
645,1353,706,706
132,88,706,706
627,559,706,706
702,736,706,706
506,632,705,705
758,205,705,705
1752,1788,705,705
618,548,705,705
529,491,704,704
591,847,704,704
627,622,704,704
758,765,704,704
1033,1202,704,704
981,947,703,703
506,695,703,703
529,652,702,702
625,506,702,702
529,1422,701,701
627,712,701,701
193,273,700,700
273,201,700,700
806,929,700,700
203,769,700,700
292,810,699,699
529,927,699,699
730,735,699,699
682,1202,699,699
340,847,699,699
1790,1812,699,699
272,858,698,698
365,236,698,698
645,806,698,698
875,771,698,698
648,588,698,698
565,683,698,698
700,885,697,697
856,865,697,697
579,1323,696,696
765,295,696,696
691,511,695,695
579,692,695,695
506,720,695,695
1591,1590,695,695
292,753,694,694
806,868,694,694
128,885,694,694
733,958,694,694
800,865,694,694
286,340,694,694
1598,1261,694,694
237,781,693,693
365,852,693,693
691,554,693,693
700,586,693,693
157,53,692,692
157,77,692,692
1894,739,691,691
1202,1264,691,691
1202,1518,691,691
199,1366,690,690
575,703,690,690
1808,1205,690,690
199,209,689,689
891,1450,689,689
579,518,689,689
1752,1825,689,689
1833,1805,689,689
1306,1313,689,689
237,852,688,688
273,797,688,688
574,1161,688,688
574,1189,688,688
697,688,688,688
1093,1567,688,688
280,1323,687,687
645,1321,687,687
651,597,687,687
506,599,687,687
858,1095,687,687
965,1294,686,686
552,739,686,686
1096,864,686,686
1733,1716,685,685
237,591,685,685
625,559,685,685
579,520,685,685
1417,643,685,685
1812,1756,685,685
875,1096,684,684
647,1878,684,684
1560,1536,683,683
645,1422,682,682
208,236,682,682
858,295,682,682
204,554,681,681
663,1417,681,681
272,1096,680,680
597,638,680,680
1518,1536,680,680
1208,1235,680,680
1202,1096,679,679
506,724,678,678
1734,1844,678,678
1542,1578,677,677
1734,1208,677,677
259,280,676,676
885,1507,676,676
150,1202,674,674
736,680,674,674
1808,2060,674,674
725,689,674,674
199,894,673,673
209,1095,673,673
847,236,673,673
1573,1801,673,673
893,1508,672,672
663,642,672,672
813,864,672,672
193,1095,671,671
645,1450,671,671
203,859,670,670
627,604,670,670
920,894,670,670
1573,1101,670,670
591,554,669,669
575,702,669,669
648,1189,669,669
1542,1205,669,669
1659,1532,668,668
204,1323,668,668
645,932,668,668
128,758,668,668
858,264,668,668
1201,1847,668,668
259,884,667,667
237,891,666,666
259,878,666,666
94,146,666,666
663,930,666,666
529,591,665,665
691,677,665,665
673,555,665,665
1201,1205,665,665
1542,1560,665,665
272,203,664,664
210,904,664,664
702,738,664,664
645,461,663,663
645,506,663,663
259,468,662,662
691,1121,662,662
506,661,662,662
1659,1806,661,661
1733,1095,661,661
571,2191,661,661
1659,1733,660,660
280,841,660,660
1392,765,660,660
193,861,659,659
280,1093,659,659
579,549,659,659
259,733,658,658
575,663,658,658
627,724,658,658
965,961,658,658
1518,1569,658,658
810,286,657,657
858,368,657,657
575,740,656,656
648,510,656,656
1778,1769,656,656
193,744,655,655
591,929,655,655
597,539,655,655
1264,864,655,655
645,1412,653,653
575,687,653,653
981,1353,653,653
132,712,652,652
665,613,652,652
1202,1542,652,652
725,2264,652,652
259,591,651,651
203,1095,651,651
209,673,651,651
575,682,651,651
1254,1220,651,651
193,859,650,650
730,602,650,650
1560,1567,650,650
1659,1614,649,649
1575,1578,649,649
259,1064,648,648
627,1005,648,648
651,579,648,648
733,1033,647,647
1187,2267,647,647
510,2197,647,647
904,1202,646,646
1833,1788,646,646
1542,1716,645,645
1508,852,645,645
273,754,644,644
665,643,644,644
758,264,644,644
799,865,644,644
1202,1548,644,644
1096,1536,644,644
1668,1716,643,643
733,738,643,643
1202,1614,643,643
691,512,642,642
2060,1754,642,642
1456,1495,642,642
1778,1759,642,642
1733,1642,641,641
273,591,641,641
758,838,641,641
905,901,641,641
209,852,640,640
648,1272,640,640
1202,847,640,640
280,333,639,639
1507,1573,639,639
199,1833,638,638
204,771,638,638
1548,1516,638,638
208,813,637,637
236,861,637,637
157,506,636,636
201,832,636,636
506,555,636,636
157,986,635,635
193,771,635,635
645,554,635,635
891,864,635,635
800,1096,635,635
529,575,634,634
648,1508,634,634
700,856,634,634
554,986,634,634
665,506,634,634
807,781,634,634
1033,1542,634,634
280,905,633,633
291,806,633,633
647,687,632,632
1092,765,632,632
1659,1095,631,631
204,766,631,631
272,878,631,631
574,725,631,631
891,461,631,631
575,579,631,631
1272,2431,631,631
952,2257,631,631
203,1507,630,630
691,739,630,630
506,646,630,630
1734,1790,630,630
1518,1516,630,630
1659,1706,629,629
193,763,629,629
209,868,629,629
904,340,629,629
905,897,629,629
682,598,628,628
574,627,627,627
1264,1096,627,627
1591,1531,627,627
625,683,626,626
209,924,625,625
1494,1480,625,625
225,1202,624,624
625,929,624,624
1208,1230,624,624
237,700,623,623
259,1565,623,623
647,668,623,623
579,612,623,623
797,236,623,623
1659,1788,622,622
858,757,622,622
257,758,621,621
904,905,621,621
929,565,621,621
1064,1565,621,621
1573,1578,621,621
1778,1844,621,621
157,987,620,620
237,810,620,620
208,506,620,620
506,513,620,620
225,813,619,619
885,884,619,619
1752,1769,619,619
1571,1580,619,619
663,986,618,618
673,1005,618,618
1808,1531,618,618
1548,1552,618,618
1733,1727,617,617
292,1508,617,617
645,538,617,617
1752,1742,617,617
1808,1096,617,617
627,683,616,616
702,690,616,616
1659,1745,615,615
647,710,615,615
1096,1518,615,615
1809,1812,615,615
280,753,614,614
648,932,614,614
1187,1219,614,614
1227,1653,614,614
1361,1358,614,614
259,286,613,613
797,343,612,612
1734,1786,612,612
199,981,611,611
625,622,611,611
1264,1808,611,611
1734,1753,611,611
1064,1530,611,611
199,1094,610,610
645,691,610,610
700,1121,610,610
1092,1101,610,610
280,1294,609,609
625,1894,609,609
210,286,609,609
648,1808,609,609
766,858,609,609
741,598,609,609
984,966,609,609
575,987,608,608
651,718,608,608
736,952,608,608
896,921,608,608
1598,1642,608,608
737,952,608,608
199,270,607,607
741,1417,607,607
1733,1752,606,606
904,295,606,606
132,648,606,606
506,739,606,606
1598,1219,606,606
618,613,606,606
691,708,605,605
981,1294,605,605
697,594,605,605
199,331,604,604
645,718,604,604
858,838,604,604
1227,1598,604,604
904,1101,603,603
691,736,603,603
807,763,603,603
725,735,603,603
648,682,602,602
1833,1798,602,602
157,134,601,601
199,1092,601,601
981,726,601,601
858,809,601,601
1321,1334,601,601
574,669,600,600
591,932,600,600
203,368,600,600
431,757,600,600
1548,1706,600,600
237,647,599,599
259,372,599,599
645,1092,599,599
1033,1049,599,599
1264,1532,599,599
904,236,598,598
1752,1508,598,598
199,259,597,597
758,1323,597,597
766,833,597,597
1095,847,597,597
1666,1668,596,596
199,905,596,596
273,799,596,596
627,695,596,596
575,725,595,595
647,2185,595,595
697,1202,595,595
1542,1208,595,595
1653,1833,595,595
259,1094,594,594
648,673,594,594
733,1096,594,594
893,747,593,593
203,894,593,593
647,669,593,593
691,1161,593,593
506,664,593,593
856,757,593,593
1033,1035,593,593
1272,1542,593,593
1778,1798,593,593
904,1059,592,592
1068,1560,592,592
1202,1833,591,591
1059,1563,591,591
199,301,590,590
199,451,590,590
204,747,590,590
730,712,590,590
813,765,590,590
1508,1456,590,590
765,864,590,590
193,370,589,589
645,730,589,589
875,894,589,589
647,588,589,589
971,506,589,589
651,527,589,589
700,927,589,589
280,233,588,588
591,974,588,588
929,554,588,588
1096,847,588,588
1659,225,587,587
1659,1035,587,587
1733,132,587,587
648,722,587,587
800,864,587,587
1428,1429,587,587
806,834,586,586
1833,1812,586,586
1642,1706,586,586
529,554,584,584
682,650,584,584
2068,1427,584,584
575,700,583,583
847,1068,583,583
1518,2555,583,583
682,665,582,582
691,661,582,582
800,807,582,582
847,368,582,582
1833,1757,582,582
365,851,581,581
904,1548,581,581
891,1507,580,580
651,739,580,580
506,618,580,580
648,1202,579,579
579,622,579,579
574,651,578,578
574,2185,578,578
591,569,578,578
1833,1784,578,578
645,1205,577,577
806,1323,577,577
554,653,577,577
286,333,577,577
157,648,576,576
591,575,576,576
128,691,576,576
858,1064,576,576
286,859,576,576
1812,1769,576,576
1659,1647,575,575
1254,1614,575,575
1653,1575,575,575
201,878,574,574
575,715,574,574
575,724,574,574
806,1764,573,573
209,763,573,573
132,736,573,573
663,619,573,573
1833,1845,573,573
506,510,572,572
597,619,572,572
461,847,572,572
1456,1510,572,572
193,1507,571,571
280,224,571,571
1264,1531,571,571
1808,1777,571,571
682,600,570,570
691,725,570,570
1734,1260,570,570
1734,1829,570,570
1059,1560,570,570
273,904,569,569
648,559,569,569
766,343,569,569
1033,1752,569,569
765,769,569,569
1059,1567,569,569
1796,1845,569,569
286,295,568,568
1548,1053,568,568
1219,1268,568,568
237,333,567,567
806,1560,567,567
893,1507,567,567
203,1202,567,567
208,766,567,567
506,667,567,567
758,461,567,567
1096,236,567,567
905,921,567,567
1059,1530,567,567
625,733,566,566
1542,1820,566,566
461,1573,566,566
966,977,566,566
272,256,565,565
280,849,565,565
591,208,565,565
758,295,565,565
813,202,565,565
1183,687,565,565
1542,1095,565,565
1752,1786,565,565
984,952,565,565
984,986,565,565
1093,1563,565,565
1456,1491,565,565
1667,1730,565,565
193,868,564,564
199,832,564,564
209,838,564,564
663,554,564,564
461,1518,564,564
1321,1322,564,564
259,273,563,563
280,774,563,563
645,2186,563,563
1202,1808,563,563
193,224,562,562
591,674,562,562
237,1095,561,561
733,565,561,561
758,1294,561,561
1068,1530,561,561
735,2190,561,561
1659,1272,560,560
157,1422,560,560
204,209,560,560
1653,1614,560,560
1199,1200,560,560
691,146,559,559
554,974,559,559
1666,648,558,558
193,332,558,558
893,744,558,558
766,847,558,558
858,1068,558,558
1065,1101,558,558
1666,1705,557,557
273,333,557,557
574,579,557,557
891,1508,557,557
555,718,557,557
1068,1565,557,557
1668,1033,556,556
259,1053,556,556
529,663,556,556
893,332,556,556
929,739,556,556
554,539,556,556
856,1508,556,556
1064,1567,556,556
1733,1548,555,555
204,291,555,555
1201,1096,555,555
1666,1049,554,554
280,1205,554,554
648,952,554,554
702,687,554,554
702,735,554,554
292,890,553,553
702,737,553,553
571,685,553,553
741,520,553,553
1825,1812,553,553
575,726,552,552
682,929,552,552
632,618,552,552
1095,1653,552,552
237,210,551,551
1254,1642,551,551
529,931,550,550
574,986,550,550
1734,1764,550,550
1573,1053,550,550
1778,1777,550,550
730,736,549,549
627,1392,549,549
702,488,549,549
597,1417,549,549
1096,1548,549,549
193,856,548,548
806,1441,548,548
132,89,548,548
94,651,548,548
575,510,548,548
1808,1833,548,548
847,1450,548,548
225,865,547,547
627,965,547,547
506,932,547,547
286,868,547,547
292,868,546,546
128,856,546,546
647,679,546,546
648,974,546,546
700,579,546,546
554,579,546,546
1526,1560,546,546
193,852,545,545
193,1518,545,545
645,673,545,545
733,710,545,545
1201,1531,545,545
539,1422,545,545
661,674,545,545
1068,1563,545,545
1068,1642,545,545
1659,1631,544,544
193,878,544,544
663,539,544,544
1633,1651,544,544
225,1573,543,543
273,852,543,543
645,1064,543,543
627,548,543,543
724,619,543,543
757,763,543,543
1798,1786,543,543
204,894,542,542
691,611,542,542
1201,1264,542,542
1064,1096,542,542
273,859,541,541
529,1096,541,541
806,211,541,541
893,1264,541,541
201,236,541,541
210,847,540,540
733,700,540,540
571,613,540,540
858,1093,540,540
952,978,540,540
574,738,539,539
730,682,539,539
506,708,539,539
797,813,539,539
813,340,539,539
286,368,539,539
651,552,538,538
645,807,537,537
1033,1653,537,537
1187,1185,537,537
461,765,537,537
1068,1567,537,537
1653,1532,537,537
199,1101,536,536
199,1567,536,536
575,599,536,536
575,736,536,536
865,368,536,536
648,2190,535,535
691,578,535,535
1264,1219,535,535
765,838,535,535
1788,1762,535,535
365,868,534,534
1201,1254,534,534
1264,1825,534,534
691,695,533,533
893,211,532,532
875,896,532,532
904,781,532,532
579,2189,532,532
1653,1788,532,532
204,1121,531,531
806,1101,531,531
132,1254,531,531
700,865,531,531
157,1095,530,530
591,702,530,530
806,747,530,530
647,538,530,530
647,676,530,530
858,1323,530,530
1272,1274,530,530
1542,1809,530,530
2060,1816,530,530
1518,1053,530,530
1059,1108,530,530
193,833,529,529
806,832,529,529
733,1272,529,529
700,995,529,529
1734,1575,529,529
1059,1565,529,529
199,1560,528,528
591,1323,528,528
1659,1064,527,527
280,981,527,527
625,689,527,527
575,2235,526,526
682,671,526,526
691,597,526,526
259,529,525,525
651,708,525,525
506,552,525,525
1653,1610,525,525
1666,1096,524,524
1659,1590,524,524
1659,1667,524,524
904,797,524,524
647,2184,524,524
647,2189,524,524
1187,1734,524,524
1096,1642,524,524
1205,1614,524,524
1806,1777,524,524
574,1183,523,523
579,578,523,523
1272,1287,523,523
726,952,523,523
291,893,522,522
1272,1227,522,522
1806,1788,522,522
571,663,521,521
506,610,521,521
1542,1748,521,521
1064,1560,521,521
153,647,520,520
673,984,520,520
800,264,520,520
1548,1538,520,520
893,647,519,519
201,868,519,519
648,2267,519,519
1808,1847,519,519
1095,1094,519,519
1366,1378,519,519
735,952,519,519
292,365,518,518
575,972,518,518
1706,1667,518,518
730,506,517,517
904,1456,517,517
132,1752,517,517
627,651,517,517
647,952,517,517
1183,1189,517,517
1264,1573,517,517
591,579,516,516
201,752,516,516
203,849,516,516
627,579,516,516
647,703,516,516
647,738,516,516
506,660,516,516
800,1508,516,516
1101,1560,516,516
574,510,515,515
691,539,515,515
1734,1851,515,515
1808,1845,515,515
864,890,515,515
1666,1752,514,514
591,685,514,514
1219,1180,514,514
966,982,514,514
758,772,513,513
858,1450,513,513
1184,687,513,513
1254,2419,513,513
1734,1096,513,513
259,210,512,512
645,1093,512,512
575,683,512,512
627,554,512,512
648,683,512,512
691,674,512,512
506,2173,512,512
1121,1706,512,512
259,868,511,511
574,661,511,511
506,1353,511,511
259,461,510,510
891,833,510,510
647,507,510,510
1778,1779,510,510
1825,1798,510,510
157,272,509,509
627,673,509,509
691,689,509,509
725,679,509,509
264,864,509,509
1642,1644,509,509
574,679,508,508
645,725,508,508
806,370,508,508
209,752,508,508
891,1121,508,508
575,673,508,508
627,682,508,508
758,753,508,508
697,524,508,508
966,968,508,508
1008,1706,507,507
700,628,507,507
554,1422,507,507
539,582,507,507
1475,1494,507,507
1770,1815,507,507
199,431,506,506
575,927,506,506
1507,1456,506,506
1844,1762,506,506
292,862,505,505
193,1508,505,505
204,905,505,505
273,256,505,505
575,965,505,505
691,667,505,505
1734,1196,505,505
757,434,505,505
1653,1654,505,505
193,862,504,504
210,236,504,504
150,575,504,504
647,736,504,504
691,729,504,504
663,1894,504,504
552,613,504,504
1759,1762,504,504
280,1082,503,503
981,968,503,503
506,958,503,503
1264,1754,503,503
365,328,502,502
645,927,501,501
893,749,501,501
648,594,501,501
579,676,501,501
1064,1054,501,501
1064,1059,501,501
1260,1267,501,501
365,331,500,500
806,1530,500,500
134,691,500,500
673,965,500,500
858,776,500,500
1323,1336,500,500
225,365,499,499
237,343,499,499
1033,1264,499,499
1264,1508,499,499
1096,1205,499,499
1642,2600,499,499
1706,1702,499,499
1805,1845,499,499
1241,1247,499,499
204,370,498,498
645,702,498,498
209,896,498,498
673,1366,498,498
807,431,498,498
847,1507,498,498
1456,1483,498,498
1806,1786,498,498
1790,1642,498,498
1651,1647,498,498
625,1095,497,497
730,627,497,497
875,905,497,497
627,702,497,497
627,1294,497,497
647,735,497,497
1121,1202,497,497
204,259,496,496
591,884,496,496
645,1068,496,496
506,726,496,496
1033,1706,496,496
1734,1827,496,496
292,851,495,495
193,924,495,495
280,1092,495,495
1808,1759,495,495
1790,1770,495,495
292,246,494,494
730,738,494,494
904,800,494,494
647,599,494,494
702,697,494,494
280,328,493,493
574,699,493,493
591,1422,493,493
625,554,493,493
875,368,493,493
575,1321,493,493
682,733,493,493
992,1392,493,493
1614,1644,493,493
199,924,492,492
259,1082,492,492
272,663,492,492
292,1202,491,491
225,257,491,491
904,368,491,491
1201,1769,491,491
847,890,491,491
1196,1199,491,491
893,741,490,490
575,554,490,490
648,524,490,490
800,1450,490,490
1264,1575,490,490
1264,1809,490,490
1095,1706,490,490
1560,1523,490,490
237,771,489,489
280,984,489,489
208,905,489,489
813,368,489,489
1264,1590,489,489
725,737,489,489
1456,1473,489,489
733,1542,488,488
885,765,488,488
199,1053,487,487
574,739,487,487
625,1323,487,487
981,975,487,487
1201,1809,487,487
765,861,487,487
1227,1208,487,487
1321,1313,487,487
1796,1748,487,487
259,625,486,486
806,1437,486,486
209,855,486,486
210,766,486,486
682,687,486,486
758,197,486,486
766,769,486,486
736,661,486,486
1187,1254,486,486
1064,847,486,486
280,834,485,485
810,865,485,485
201,905,485,485
77,94,485,485
682,660,485,485
797,1096,485,485
813,1456,485,485
199,1059,484,484
259,1005,484,484
645,965,484,484
691,995,484,484
1121,1808,484,484
1068,1054,484,484
1205,1558,484,484
1642,1618,484,484
292,838,483,483
199,370,483,483
209,833,483,483
725,714,483,483
1548,1539,483,483
758,233,482,482
858,1507,482,482
1101,1653,482,482
1653,1798,482,482
204,921,481,481
758,764,481,481
1194,1200,481,481
280,747,480,480
365,833,480,480
806,752,480,480
691,569,480,480
981,953,480,480
571,729,480,480
766,340,480,480
1366,1377,480,480
1417,1412,480,480
157,884,479,479
201,855,479,479
904,211,479,479
571,541,479,479
1096,1053,479,479
1573,1614,479,479
1653,1571,479,479
292,832,478,478
199,368,478,478
199,766,478,478
529,708,478,478
574,625,478,478
645,683,478,478
575,738,478,478
554,2178,478,478
1053,1530,478,478
1068,1653,478,478
292,295,477,477
203,868,477,477
203,921,477,477
1201,1845,477,477
1264,1806,477,477
286,771,477,477
1096,372,477,477
859,864,477,477
1825,1788,477,477
225,769,476,476
730,687,476,476
1202,1208,476,476
1366,1367,476,476
1456,1467,476,476
1793,1851,476,476
292,878,475,475
193,774,475,475
574,971,475,475
904,894,475,475
128,813,475,475
981,506,475,475
929,765,475,475
984,765,475,475
1706,1579,475,475
199,332,474,474
1666,1264,473,473
574,697,473,473
132,733,473,473
127,94,473,473
682,528,473,473
691,576,473,473
718,667,473,473
1778,1812,473,473
529,682,472,472
893,896,472,472
127,102,472,472
575,604,472,472
682,710,472,472
700,930,472,472
758,755,472,472
1254,1225,472,472
1752,1745,472,472
204,1068,471,471
691,510,471,471
700,554,471,471
1542,1653,471,471
157,1392,470,470
904,757,470,470
800,368,470,470
292,752,469,469
971,725,469,469
1254,1591,469,469
1808,1778,469,469
1778,1788,469,469
204,246,468,468
574,2194,468,468
150,146,468,468
758,1366,468,468
1833,1706,468,468
529,574,467,467
651,1422,467,467
700,565,467,467
506,674,467,467
758,370,467,467
1121,1560,467,467
1264,1548,467,467
632,718,467,467
1764,1788,467,467
1788,1759,467,467
806,1435,466,466
648,1264,466,466
2060,1558,466,466
506,548,465,465
308,370,464,464
574,700,464,464
691,738,464,464
451,1573,464,464
1096,1101,464,464
1260,1256,464,464
1630,1654,464,464
193,890,463,463
246,858,463,463
203,797,463,463
1745,1758,463,463
199,1082,462,462
257,865,462,462
574,663,462,462
806,1392,462,462
506,2183,462,462
1542,1507,462,462
574,676,461,461
591,673,461,461
733,718,461,461
651,555,461,461
758,813,461,461
157,102,460,460
157,700,460,460
199,1321,460,460
257,766,460,460
625,647,460,460
904,896,460,460
651,569,460,460
1518,1563,460,460
1161,1136,460,460
280,832,459,459
280,1833,459,459
1573,1805,459,459
893,431,458,458
904,799,458,458
691,680,458,458
691,697,458,458
506,736,458,458
1798,1827,458,458
1659,1068,457,457
625,1096,457,457
209,832,457,457
597,1005,457,457
800,2287,457,457
813,781,457,457
885,1321,457,457
1653,1716,457,457
204,1092,456,456
280,924,456,456
365,832,456,456
506,1392,456,456
758,1507,456,456
765,841,456,456
1456,1435,456,456
1788,1773,456,456
591,155,455,455
891,924,455,455
1187,1227,455,455
992,1366,455,455
155,77,454,454
700,541,454,454
1642,1638,454,454
193,264,453,453
225,1264,453,453
280,1790,453,453
574,1184,453,453
810,904,453,453
875,1441,453,453
904,451,453,453
682,513,453,453
981,979,453,453
1530,1642,453,453
1778,1773,453,453
1706,1730,453,453
1796,1770,453,453
273,776,452,452
280,468,452,452
893,206,452,452
893,838,452,452
208,757,452,452
575,939,452,452
702,538,452,452
365,752,451,451
591,1392,451,451
625,611,451,451
210,856,451,451
981,976,451,451
1254,1234,451,451
431,434,451,451
204,868,450,450
259,806,450,450
893,1121,450,450
648,700,450,450
1752,1656,450,450
1833,1810,450,450
952,982,450,450
1812,1773,450,450
1733,1806,449,449
246,864,449,449
259,1108,449,449
208,894,449,449
575,577,449,449
663,597,449,449
506,692,449,449
286,860,449,449
1096,1579,449,449
568,726,449,449
966,938,449,449
1788,1812,449,449
625,1422,448,448
691,549,448,448
1201,1575,448,448
236,333,448,448
529,664,447,447
571,673,447,447
758,841,447,447
1272,1068,447,447
1659,1656,446,446
259,1096,446,446
529,289,446,446
574,710,446,446
647,593,446,446
554,607,446,446
506,565,446,446
565,720,446,446
1659,1536,445,445
204,201,445,445
645,597,445,445
806,905,445,445
904,205,445,445
506,568,445,445
1808,1573,445,445
1808,1825,445,445
1833,1761,445,445
1614,1640,445,445
625,725,444,444
645,368,444,444
702,700,444,444
809,864,444,444
1227,1591,444,444
308,757,443,443
575,571,443,443
691,540,443,443
554,741,443,443
736,689,443,443
765,1371,443,443
1706,1672,443,443
203,749,442,442
575,985,442,442
647,682,442,442
506,527,442,442
1734,1227,442,442
1666,1681,441,441
203,771,441,441
856,1096,441,441
858,841,441,441
1306,1301,441,441
280,749,440,440
591,695,440,440
758,1092,440,440
905,202,440,440
591,1548,439,439
875,211,439,439
257,774,438,438
647,722,438,438
691,965,438,438
554,718,438,438
1096,1093,438,438
781,211,438,438
1347,1342,438,438
1560,1563,438,438
292,924,437,437
904,1752,437,437
575,586,437,437
627,647,437,437
647,697,437,437
682,2194,437,437
733,736,437,437
506,613,437,437
1254,1221,437,437
893,209,436,436
647,559,436,436
691,537,436,436
506,520,436,436
673,1417,436,436
1734,1796,436,436
1548,2555,436,436
568,620,436,436
575,971,435,435
691,683,435,435
965,510,435,435
1096,1054,435,435
1668,1727,434,434
292,259,434,434
301,365,434,434
769,762,434,434
1093,1653,434,434
1625,1610,434,434
810,765,433,433
201,763,433,433
1752,1614,433,433
1659,1507,432,432
1659,1598,432,432
1733,1579,432,432
574,591,432,432
645,981,432,432
597,741,432,432
1053,1563,432,432
1825,1740,432,432
1727,1614,432,432
203,838,431,431
647,579,431,431
682,2189,431,431
579,2194,431,431
736,593,431,431
1205,1809,431,431
1759,1786,431,431
246,847,430,430
259,365,430,430
529,597,430,430
645,1378,430,430
150,712,430,430
758,773,430,430
1272,1706,430,430
1734,1769,430,430
1806,1827,430,430
1666,1937,429,429
1059,1068,429,429
1536,1538,429,429
259,891,428,428
201,838,428,428
807,885,428,428
1201,1573,428,428
1456,1482,428,428
1666,1659,427,427
1659,1563,427,427
529,718,427,427
645,995,427,427
806,331,427,427
506,729,427,427
1752,1096,427,427
1752,1762,427,427
565,2194,427,427
992,1005,427,427
1844,1843,427,427
1773,1847,427,427
199,769,426,426
645,741,426,426
209,749,426,426
648,488,426,426
1844,1812,426,426
259,752,425,425
730,1254,425,425
203,757,425,425
579,536,425,425
797,864,425,425
800,295,425,425
1096,377,425,425
236,878,425,425
1659,1753,424,424
627,663,424,424
733,632,424,424
981,939,424,424
864,1494,424,424
1268,1269,424,424
1740,1851,424,424
292,1121,423,423
259,893,423,423
625,932,423,423
209,869,423,423
150,47,423,423
733,1187,423,423
651,663,423,423
1752,1261,423,423
1260,1266,423,423
529,579,422,422
208,333,422,422
700,718,422,422
700,741,422,422
813,856,422,422
1053,1567,422,422
1733,1676,421,421
199,749,421,421
237,1121,421,421
150,88,421,421
575,2194,421,421
648,505,421,421
648,1184,421,421
697,687,421,421
1542,1801,421,421
1734,1809,421,421
431,432,421,421
1303,1346,421,421
280,860,420,420
132,1272,420,420
647,665,420,420
648,1183,420,420
682,571,420,420
1201,1272,420,420
1752,1575,420,420
1518,1550,420,420
1806,1778,420,420
1805,1770,420,420
645,1417,419,419
730,2264,419,419
102,94,419,419
700,597,419,419
799,2287,419,419
697,681,419,419
1323,1341,419,419
1598,1196,419,419
1833,1740,419,419
510,568,419,419
687,538,419,419
1261,1208,419,419
1816,1769,419,419
1659,1615,418,418
237,368,418,418
868,864,418,418
292,308,417,417
574,735,417,417
691,720,417,417
1808,1530,417,417
286,857,417,417
921,894,417,417
1833,1844,417,417
199,841,416,416
225,1734,416,416
237,1064,416,416
575,526,416,416
858,340,416,416
1808,2421,416,416
894,1435,416,416
1788,1786,416,416
1788,1821,416,416
1733,648,415,415
259,858,415,415
365,1508,415,415
209,295,415,415
554,548,415,415
506,725,415,415
758,332,415,415
799,864,415,415
1323,1306,415,415
1526,1563,415,415
1642,1617,415,415
1733,1825,414,414
199,1530,414,414
237,757,414,414
259,301,414,414
259,673,414,414
574,527,414,414
806,749,414,414
627,700,414,414
691,486,414,414
702,586,414,414
571,554,414,414
579,566,414,414
1734,865,414,414
1096,1552,414,414
1366,1374,414,414
1591,1219,414,414
25,204,413,413
365,924,413,413
627,564,413,413
554,527,413,413
1759,1769,413,413
157,529,412,412
591,102,412,412
847,1082,412,412
258,861,412,412
237,744,411,411
259,1833,411,411
280,1392,411,411
575,597,411,411
575,688,411,411
702,554,411,411
579,703,411,411
1254,1096,411,411
1734,1770,411,411
1752,1609,411,411
1809,1847,411,411
365,326,410,410
691,718,410,410
758,206,410,410
1187,1208,410,410
1734,1845,410,410
1573,1196,410,410
246,893,409,409
259,1321,409,409
806,862,409,409
209,809,409,409
697,735,409,409
1618,1640,409,409
331,326,408,408
1642,1796,408,408
1740,1735,408,408
1659,1727,407,407
1668,1733,407,407
237,291,407,407
237,461,407,407
259,781,407,407
273,860,407,407
574,554,407,407
150,974,407,407
575,981,407,407
682,2247,407,407
691,723,407,407
506,628,407,407
800,1507,407,407
858,1205,407,407
885,757,407,407
1734,2421,407,407
539,613,407,407
236,343,407,407
1659,1618,406,406
529,2069,406,406
591,77,406,406
730,559,406,406
893,752,406,406
1187,1706,406,406
1833,1829,406,406
365,294,405,405
203,765,405,405
208,924,405,405
575,667,405,405
691,642,405,405
554,630,405,405
1095,1065,405,405
1591,1261,405,405
1306,1320,405,405
1659,1201,404,404
365,749,404,404
806,1462,404,404
1201,1808,404,404
1753,1820,404,404
157,579,403,403
193,757,403,403
204,203,403,403
575,932,403,403
663,673,403,403
758,858,403,403
813,829,403,403
340,202,403,403
236,1548,403,403
1806,1851,403,403
1764,1820,403,403
157,155,402,402
893,816,402,402
865,202,402,402
769,202,402,402
769,770,402,402
431,771,402,402
157,591,401,401
591,930,401,401
730,88,401,401
691,2067,401,401
554,708,401,401
1642,1579,401,401
1788,1792,401,401
199,224,400,400
209,905,400,400
132,1184,400,400
134,647,400,400
847,833,400,400
905,908,400,400
1653,1796,400,400
1642,1640,400,400
199,1294,399,399
259,1428,399,399
758,763,399,399
738,735,399,399
1272,1064,399,399
1808,1764,399,399
771,890,399,399
199,77,398,398
204,809,398,398
280,1321,398,398
554,565,398,398
1752,1532,398,398
1508,838,398,398
1548,1530,398,398
1759,1742,398,398
199,1435,397,397
280,332,397,397
665,735,397,397
673,2271,397,397
1264,1095,397,397
765,431,397,397
193,445,396,396
280,809,396,396
645,537,396,396
893,1101,396,396
1201,1827,396,396
1573,1753,396,396
894,1082,396,396
246,891,395,395
645,571,395,395
806,921,395,395
209,1092,395,395
766,295,395,395
856,264,395,395
1752,1573,395,395
1392,2522,395,395
1093,1109,395,395
225,904,394,394
259,295,394,394
591,127,394,394
806,878,394,394
77,651,394,394
627,1894,394,394
733,510,394,394
554,677,394,394
1272,1579,394,394
1366,2508,394,394
769,1507,394,394
157,927,393,393
806,1366,393,393
209,875,393,393
875,1435,393,393
648,2195,393,393
691,741,393,393
571,718,393,393
1272,1261,393,393
865,1462,393,393
157,259,392,392
199,765,392,392
199,2060,392,392
259,885,392,392
574,665,392,392
730,528,392,392
203,343,392,392
891,1094,392,392
647,539,392,392
847,1101,392,392
208,753,391,391
891,1068,391,391
575,488,391,391
702,510,391,391
856,776,391,391
858,1321,391,391
1808,1761,391,391
291,904,390,390
301,300,390,390
591,682,390,390
807,882,390,390
1734,451,390,390
725,687,390,390
765,1321,390,390
864,1456,390,390
1101,1559,390,390
1598,1595,390,390
1653,1615,390,390
1659,1769,389,389
157,575,389,389
280,256,389,389
574,689,389,389
591,741,389,389
554,995,389,389
506,546,389,389
1323,1347,389,389
952,966,389,389
157,685,388,388
891,1092,388,388
858,851,388,388
859,295,388,388
1035,1045,388,388
246,833,387,387
272,763,387,387
308,328,387,387
904,864,387,387
627,733,387,387
858,771,387,387
896,912,387,387
905,918,387,387
1548,1549,387,387
1798,1762,387,387
1515,1480,387,387
246,201,386,386
280,445,386,386
201,1508,386,386
651,695,386,386
193,799,385,385
196,885,385,385
904,1518,385,385
571,579,385,385
736,559,385,385
1542,1532,385,385
1205,1268,385,385
1653,1565,385,385
1764,1786,385,385
1659,1196,384,384
196,766,384,384
529,730,384,384
574,488,384,384
132,974,384,384
134,146,384,384
575,741,384,384
758,834,384,384
766,1508,384,384
1653,1261,384,384
1565,1562,384,384
904,771,383,383
571,739,383,383
554,927,383,383
1254,1223,383,383
555,687,383,383
1205,1260,383,383
1567,1565,383,383
1219,1809,383,383
1208,1237,383,383
193,841,382,382
199,645,382,382
575,527,382,382
648,579,382,382
554,667,382,382
1788,1787,382,382
280,758,381,381
128,77,381,381
647,2236,381,381
506,514,381,381
765,258,381,381
847,1435,381,381
199,201,380,380
806,431,380,380
627,971,380,380
665,688,380,380
800,258,380,380
1542,1567,380,380
744,864,380,380
574,688,379,379
201,749,379,379
682,700,379,379
971,965,379,379
1264,1762,379,379
1573,1727,379,379
1462,1480,379,379
225,1205,378,378
237,625,378,378
574,539,378,378
893,1323,378,378
875,1082,378,378
875,1437,378,378
1462,2085,378,378
893,868,377,377
208,1508,377,377
627,932,377,377
682,1878,377,377
702,579,377,377
571,741,377,377
651,542,377,377
1745,1759,377,377
1805,1851,377,377
1633,1647,377,377
1659,1815,376,376
301,308,376,376
575,729,376,376
554,2183,376,376
673,1508,376,376
1264,1591,376,376
1064,765,376,376
468,1573,376,376
1759,1815,376,376
1659,1808,375,375
199,204,375,375
806,1321,375,375
209,1121,375,375
627,983,375,375
691,1092,375,375
1762,1786,375,375
193,749,374,374
308,365,374,374
754,201,374,374
150,971,374,374
575,565,374,374
575,1096,374,374
981,858,374,374
554,632,374,374
1095,1642,374,374
343,354,374,374
1764,1740,374,374
591,971,373,373
875,1092,373,373
875,1201,373,373
1264,865,373,373
765,434,373,373
575,2189,372,372
1201,1745,372,372
986,765,372,372
1323,847,372,372
1567,1562,372,372
1706,1705,372,372
193,208,371,371
204,878,371,371
893,869,371,371
201,873,371,371
203,1082,371,371
53,981,371,371
702,726,371,371
1201,1844,371,371
1272,1059,371,371
1542,1847,371,371
1833,1762,371,371
365,343,370,370
806,758,370,370
203,747,370,370
663,579,370,370
554,2191,370,370
579,512,370,370
799,1508,370,370
1752,1770,370,370
847,924,370,370
1053,1108,370,370
1205,1261,370,370
1268,2419,370,370
1656,1657,370,370
1571,1577,370,370
257,647,369,369
259,1542,369,369
554,643,369,369
1456,1512,369,369
1778,1745,369,369
1642,1621,369,369
1642,1624,369,369
1209,1241,369,369
237,838,368,368
259,875,368,368
280,258,368,368
591,718,368,368
893,921,368,368
203,341,368,368
904,849,368,368
575,495,368,368
691,608,368,368
700,813,368,368
1059,1070,368,368
1833,1764,368,368
203,905,367,367
575,653,367,367
702,722,367,367
847,1094,367,367
1548,1534,367,367
1205,1208,367,367
735,538,367,367
1753,1769,367,367
1759,1807,367,367
259,270,366,366
591,613,366,366
806,884,366,366
132,1183,366,366
554,729,366,366
1254,1226,366,366
1752,1805,366,366
1323,1321,366,366
1093,1569,366,366
1268,1230,366,366
259,765,365,365
308,331,365,365
591,627,365,365
625,575,365,365
754,807,365,365
893,859,365,365
651,720,365,365
766,258,365,365
1096,1598,365,365
1733,1704,364,364
625,665,364,364
203,209,364,364
527,613,364,364
539,741,364,364
1462,1475,364,364
1205,1269,364,364
1294,1303,364,364
1825,1784,364,364
1571,2572,364,364
199,875,363,363
806,984,363,363
203,264,363,363
208,859,363,363
691,981,363,363
700,739,363,363
1323,1311,363,363
1598,1653,363,363
1806,1825,363,363
1008,1542,362,362
529,94,362,362
574,717,362,362
712,733,362,362
1121,1093,362,362
1219,1269,362,362
1625,1614,362,362
893,905,361,361
627,939,361,361
1894,665,361,361
506,2191,361,361
884,852,361,361
1508,890,361,361
847,757,361,361
1336,1346,361,361
132,702,360,360
108,53,360,360
648,527,360,360
971,739,360,360
1202,1558,360,360
1254,1265,360,360
1653,1618,360,360
1778,1261,360,360
1825,1844,360,360
272,700,359,359
208,209,359,359
571,597,359,359
758,331,359,359
856,809,359,359
1092,1573,359,359
1202,1095,359,359
286,431,359,359
199,862,358,358
204,202,358,358
257,663,358,358
591,927,358,358
210,859,358,358
800,890,358,358
1272,1283,358,358
539,685,358,358
1548,1544,358,358
202,894,358,358
1591,1532,358,358
1306,1346,358,358
627,1361,357,357
813,832,357,357
1734,1609,357,357
286,211,357,357
286,757,357,357
1096,264,357,357
769,258,357,357
841,849,357,357
1816,1756,357,357
157,995,356,356
199,992,356,356
259,209,356,356
893,197,356,356
651,692,356,356
700,2069,356,356
1378,2328,356,356
1762,1769,356,356
1571,2578,356,356
574,632,355,355
645,765,355,355
647,521,355,355
691,709,355,355
571,714,355,355
554,552,355,355
858,765,355,355
1808,1770,355,355
1323,1303,355,355
1366,932,355,355
343,368,355,355
1812,1786,355,355
157,1096,354,354
196,257,354,354
259,331,354,354
280,1462,354,354
365,363,354,354
733,673,354,354
554,692,354,354
766,233,354,354
807,434,354,354
1598,1796,354,354
257,856,353,353
308,868,353,353
529,673,353,353
673,1303,353,353
758,432,353,353
1734,1756,353,353
1752,1816,353,353
1666,1727,352,352
1733,1096,352,352
292,905,352,352
199,806,352,352
199,1429,352,352
554,597,352,352
1092,1518,352,352
683,618,352,352
739,582,352,352
591,730,351,351
893,341,351,351
682,703,351,351
506,985,351,351
1254,1222,351,351
1095,1573,351,351
431,428,351,351
1798,1788,351,351
193,341,350,350
204,776,350,350
574,674,350,350
806,206,350,350
132,145,350,350
648,726,350,350
700,630,350,350
858,1435,350,350
1752,1808,350,350
847,744,350,350
1227,1268,350,350
1321,1335,350,350
1303,2468,350,350
1788,1777,350,350
1809,1816,350,350
1793,1845,350,350
25,893,349,349
199,882,349,349
257,280,349,349
700,527,349,349
461,1053,349,349
1518,1559,349,349
1227,1269,349,349
193,1094,348,348
203,752,348,348
209,202,348,348
691,2184,348,348
554,985,348,348
858,1094,348,348
736,2190,348,348
286,774,348,348
865,1573,348,348
884,771,348,348
986,1392,348,348
468,1548,348,348
1321,1307,348,348
372,412,348,348
204,280,347,347
257,878,347,347
591,1002,347,347
645,510,347,347
981,673,347,347
579,539,347,347
1264,847,347,347
1808,1788,347,347
769,197,347,347
847,445,347,347
1806,1740,347,347
1778,1753,347,347
1790,1762,347,347
1656,1631,346,346
157,1005,345,345
193,431,345,345
259,451,345,345
259,851,345,345
627,516,345,345
981,1392,345,345
554,720,345,345
856,1202,345,345
851,890,345,345
1844,1834,345,345
280,1798,344,344
150,134,344,344
691,643,344,344
702,2190,344,344
1201,1764,344,344
864,1437,344,344
1653,1563,344,344
193,905,343,343
199,246,343,343
246,758,343,343
128,800,343,343
575,618,343,343
575,739,343,343
700,673,343,343
965,982,343,343
1254,1272,343,343
741,510,343,343
1508,1573,343,343
1806,1790,343,343
1659,1516,342,342
1659,1655,342,342
893,875,342,342
691,514,342,342
800,233,342,342
858,1121,342,342
1264,1609,342,342
1734,1806,342,342
1197,1199,342,342
199,1462,341,341
150,109,341,341
733,1264,341,341
807,865,341,341
965,977,341,341
697,736,341,341
1353,1354,341,341
1806,1833,341,341
1788,1753,341,341
645,184,340,340
554,555,340,340
766,852,340,340
807,884,340,340
856,841,340,340
1734,1760,340,340
1508,833,340,340
878,233,340,340
1666,1716,339,339
645,618,339,339
575,502,339,339
885,771,339,339
1092,1548,339,339
1096,1507,339,339
301,326,338,338
575,697,338,338
627,966,338,338
554,673,338,338
1752,1764,338,338
1227,1219,338,338
1659,1579,337,337
1733,1542,337,337
157,110,337,337
193,343,337,337
204,1101,337,337
574,737,337,337
806,445,337,337
691,688,337,337
1121,1734,337,337
1808,1532,337,337
286,258,337,337
1205,1180,337,337
1825,1745,337,337
157,151,336,336
204,445,336,336
810,884,336,336
132,691,336,336
758,807,336,336
800,809,336,336
2060,1798,336,336
851,837,336,336
1653,1647,336,336
1798,1851,336,336
1807,1845,336,336
1666,1676,335,335
199,1227,335,335
365,905,335,335
645,858,335,335
806,1353,335,335
155,663,335,335
128,2032,335,335
813,809,335,335
885,882,335,335
1264,1598,335,335
1542,1745,335,335
884,878,335,335
1825,1762,335,335
157,985,334,334
259,506,334,334
625,729,334,334
648,985,334,334
682,554,334,334
733,1201,334,334
858,1530,334,334
1264,1288,334,334
539,718,334,334
986,930,334,334
769,847,334,334
1068,1108,334,334
1625,1618,334,334
1753,1770,334,334
204,754,333,333
259,272,333,333
280,286,333,333
201,769,333,333
201,1082,333,333
575,2184,333,333
1202,1272,333,333
1353,1294,333,333
1366,1365,333,333
1790,1788,333,333
1617,2597,333,333
1630,1647,333,333
529,537,332,332
209,834,332,332
891,445,332,332
891,813,332,332
663,714,332,332
506,612,332,332
506,622,332,332
1202,1219,332,332
1254,1205,332,332
1734,1808,332,332
1808,1227,332,332
280,885,331,331
625,536,331,331
754,757,331,331
806,765,331,331
733,538,331,331
700,1412,331,331
506,709,331,331
506,927,331,331
461,1642,331,331
1093,1516,331,331
1573,1609,331,331
1456,1428,331,331
1653,1579,331,331
1790,1764,331,331
1706,1677,331,331
292,225,330,330
193,770,330,330
280,1059,330,330
280,1441,330,330
645,1370,330,330
208,858,330,330
554,683,330,330
1567,1536,330,330
1306,1316,330,330
292,280,329,329
529,625,329,329
574,53,329,329
806,771,329,329
575,975,329,329
571,527,329,329
1264,1272,329,329
1353,1392,329,329
157,645,328,328
199,280,328,328
259,443,328,328
273,365,328,328
893,468,328,328
758,294,328,328
766,205,328,328
1202,1806,328,328
286,776,328,328
1294,1320,328,328
193,849,327,327
691,2194,327,327
758,284,327,327
2060,1806,327,327
1093,1053,327,327
259,575,326,326
579,665,326,326
1187,1161,326,326
1272,1284,326,326
833,202,326,326
1321,1316,326,326
1560,2361,326,326
1567,1566,326,326
1666,1033,325,325
199,752,325,325
259,203,325,325
529,128,325,325
691,1412,325,325
868,236,325,325
257,754,324,324
291,766,324,324
150,139,324,324
691,628,324,324
738,687,324,324
1752,1815,324,324
984,1321,324,324
868,295,324,324
1706,1676,324,324
365,1121,323,323
591,2195,323,323
1201,1609,323,323
1734,1787,323,323
1323,1320,323,323
1059,1109,323,323
1227,1809,323,323
1762,1757,323,323
157,1353,322,322
204,769,322,322
365,838,322,322
754,209,322,322
904,766,322,322
856,781,322,322
965,1366,322,322
1734,461,322,322
1417,2532,322,322
196,286,321,321
893,200,321,321
904,1082,321,321
571,514,321,321
554,547,321,321
506,983,321,321
758,445,321,321
1096,1068,321,321
851,836,321,321
1778,1825,321,321
257,800,320,320
574,703,320,320
1264,1518,320,320
1542,1727,320,320
2060,1793,320,320
1353,1366,320,320
769,756,320,320
1548,1540,320,320
1573,1653,320,320
1456,1469,320,320
1798,1575,320,320
1035,1667,320,320
292,921,319,319
529,720,319,319
645,286,319,319
893,443,319,319
648,981,319,319
766,202,319,319
813,747,319,319
1254,1244,319,319
1542,1196,319,319
932,936,319,319
259,813,318,318
625,1508,318,318
806,816,318,318
627,987,318,318
1096,1456,318,318
1778,1754,318,318
1571,1576,318,318
700,708,317,317
554,613,317,317
554,685,317,317
1033,1040,317,317
765,930,317,317
1668,1706,316,316
193,765,316,316
196,765,316,316
280,929,316,316
365,747,316,316
645,1358,316,316
893,1092,316,316
575,2197,316,316
1508,1480,316,316
1065,1054,316,316
1798,1809,316,316
1716,2620,316,316
1773,1845,316,316
204,882,315,315
237,860,315,315
259,1435,315,315
571,650,315,315
663,514,315,315
506,1366,315,315
1752,1219,315,315
1462,1494,315,315
1035,1049,315,315
246,800,314,314
257,1734,314,314
259,184,314,314
208,869,314,314
891,1064,314,314
691,664,314,314
691,2248,314,314
663,665,314,314
506,650,314,314
1121,1101,314,314
1745,1753,314,314
1241,1246,314,314
1651,1631,314,314
204,284,313,313
237,332,313,313
574,516,313,313
904,443,313,313
579,995,313,313
965,947,313,313
1752,1787,313,313
2060,1809,313,313
286,332,313,313
451,1518,313,313
539,714,313,313
1507,1452,313,313
1653,1288,313,313
237,132,312,312
730,1096,312,312
691,1202,312,312
702,663,312,312
797,774,312,312
807,765,312,312
1121,1565,312,312
1808,1095,312,312
1065,1108,312,312
259,627,311,311
280,920,311,311
128,700,311,311
554,612,311,311
1121,1205,311,311
1752,1801,311,311
461,1068,311,311
864,1435,311,311
372,377,311,311
1809,2421,311,311
292,431,310,310
25,193,310,310
193,885,310,310
259,860,310,310
308,924,310,310
645,847,310,310
645,987,310,310
150,981,310,310
575,661,310,310
627,1121,310,310
506,987,310,310
965,765,310,310
1064,1093,310,310
1059,1569,310,310
1653,1651,310,310
1194,1197,310,310
1659,1274,309,309
157,50,309,309
193,758,309,309
259,1109,309,309
806,847,309,309
209,851,309,309
682,739,309,309
506,541,309,309
506,653,309,309
758,760,309,309
800,202,309,309
813,278,309,309
856,258,309,309
286,884,309,309
765,428,309,309
1778,1827,309,309
1161,1137,309,309
2257,978,309,309
280,1121,308,308
591,985,308,308
806,1121,308,308
647,700,308,308
691,2191,308,308
506,1361,308,308
673,932,308,308
766,797,308,308
858,1092,308,308
1734,1758,308,308
753,202,308,308
1790,1742,308,308
978,977,308,308
1753,1812,308,308
199,922,307,307
237,445,307,307
806,1053,307,307
904,1068,307,307
506,2069,307,307
597,685,307,307
673,1294,307,307
1306,1345,307,307
1764,1809,307,307
1759,1793,307,307
806,1494,306,306
203,809,306,306
891,443,306,306
648,1201,306,306
691,556,306,306
691,726,306,306
1033,1041,306,306
685,600,306,306
1180,1208,306,306
1745,1812,306,306
259,1548,305,305
308,326,305,305
203,878,305,305
981,972,305,305
663,526,305,305
554,520,305,305
506,496,305,305
697,737,305,305
1323,1294,305,305
257,769,304,304
132,2060,304,304
554,595,304,304
514,539,304,304
697,521,304,304
1303,1342,304,304
1320,1330,304,304
1659,1264,303,303
199,754,303,303
280,893,303,303
591,565,303,303
730,594,303,303
810,833,303,303
691,593,303,303
702,665,303,303
554,496,303,303
1187,1272,303,303
1201,1558,303,303
1734,1530,303,303
1752,1590,303,303
884,1323,303,303
832,1456,303,303
1456,2320,303,303
372,376,303,303
510,667,303,303
157,992,302,302
237,280,302,302
645,934,302,302
554,514,302,302
766,333,302,302
813,1094,302,302
1187,1182,302,302
1254,1240,302,302
1064,1060,302,302
199,742,301,301
806,855,301,301
201,846,301,301
53,89,301,301
648,1542,301,301
700,632,301,301
965,2257,301,301
1526,1567,301,301
687,688,301,301
199,1806,300,300
259,1518,300,300
301,758,300,300
529,702,300,300
810,905,300,300
506,688,300,300
1808,1754,300,300
884,769,300,300
1227,1261,300,300
1759,1801,300,300
1733,1187,299,299
157,107,299,299
810,896,299,299
891,816,299,299
575,642,299,299
1392,1378,299,299
1417,1413,299,299
1508,868,299,299
1382,1386,299,299
248,859,298,298
308,333,298,298
591,1412,298,298
875,868,298,298
981,966,298,298
451,461,298,298
555,722,298,298
1548,1543,298,298
1745,1851,298,298
1801,1754,298,298
237,259,297,297
259,758,297,297
208,878,297,297
554,1002,297,297
506,1096,297,297
965,953,297,297
1264,1734,297,297
236,332,297,297
1573,1082,297,297
1653,1631,297,297
1571,2575,297,297
273,868,296,296
132,697,296,296
691,1877,296,296
736,714,296,296
1202,1609,296,296
1254,1212,296,296
1542,1798,296,296
1734,1793,296,296
451,1548,296,296
1065,1068,296,296
368,864,296,296
1798,1770,296,296
1798,1784,296,296
1733,1699,295,295
204,443,295,295
259,77,295,295
280,757,295,295
645,930,295,295
201,431,295,295
627,736,295,295
665,642,295,295
506,995,295,295
885,1306,295,295
1798,1748,295,295
1733,575,294,294
246,333,294,294
257,286,294,294
272,591,294,294
280,806,294,294
280,858,294,294
730,1184,294,294
806,691,294,294
691,286,294,294
286,341,294,294
286,834,294,294
984,1294,294,294
838,850,294,294
1790,1753,294,294
193,236,293,293
257,767,293,293
280,271,293,293
280,733,293,293
574,741,293,293
904,1205,293,293
682,663,293,293
691,676,293,293
443,847,293,293
