id,modularity
618,69506484.66402413
368,68475725.83666912
1033,47093371.600357465
688,45115380.48325661
1272,40245260.577003516
1851,24832066.53877072
929,14851454.836718382
1812,11775621.194265189
833,7045447.736421101
720,5753336.179060674
1764,4427624.305174049
1778,4424332.805070693
94,3806545.626793141
1005,3541468.8477281625
208,3007404.295002344
689,2913804.0071788915
632,2577764.952361096
1666,2298924.188472919
555,2169839.358064422
1121,2150804.939115647
1560,1923192.9967516235
687,1920864.1783170193
952,1708092.121547784
1825,1701394.544768844
890,1608897.793310365
1798,1501038.9492719462
1790,1236048.52607687
1208,1170028.9214251505
611,1064709.143204056
868,1041781.7088169984
1068,1033456.6178770617
1189,1018009.9293315564
488,951811.8553893521
807,897583.7170446534
461,858665.8372105225
665,842698.1758510304
236,841623.5562792923
1093,792328.2269631037
695,781664.024067718
1759,752132.225271698
905,719274.695833002
578,717647.9031653459
1450,714048.7518087629
1598,706098.3491947806
53,665814.9530122221
1591,653974.6689508564
1806,634205.0279468124
1059,593868.3862050575
1064,586971.1269473311
340,574090.7120024597
1101,556834.9199855097
498,547681.1296159544
986,537697.8842261585
1392,520139.12736891396
1809,514993.38746589364
257,501491.5264718275
692,494953.0477754872
1507,468407.454308809
723,452986.0641893998
2190,437846.8381289015
527,435188.56897731026
810,426145.29351379815
884,421622.4835390324
1321,421046.10453589575
1753,413499.10142494447
769,411644.3304786808
643,411011.1177807414
838,408294.3205418005
272,406928.4080731893
859,401704.74102481874
1205,401509.1287539883
2060,369452.12841679633
1844,342809.3567094637
1219,341690.29201481777
1092,338629.3499737769
735,336582.2686977301
565,334352.9161318686
1366,329165.8761812108
852,328896.4641989826
2191,312098.5248947076
1614,306304.4609096789
1294,295534.9951347489
757,291599.56885941327
1417,276624.2227191328
1894,258799.88976899377
1847,254950.6330759562
520,247960.75559255062
202,245014.61591234652
548,240431.75645915465
1227,231069.1152223472
343,227790.29457206788
966,220489.32914110203
878,219587.25597231314
771,219530.42998003852
1567,216495.91500993283
984,211632.99089431364
431,205224.43906608265
1845,203968.01638989645
333,202926.60623074762
797,198636.17015160457
1762,196583.3669690321
799,195188.45527471846
921,194441.64793307113
653,188841.7731827794
1579,185394.9539552236
865,183869.83467175424
1788,182214.0443620074
724,180468.258275058
210,178136.47898280536
1161,177626.00023707515
2183,175716.71285493305
754,174279.4353833263
763,164747.6727220395
77,153687.60564537204
1565,152950.0756993503
1642,152120.18481345355
1769,144639.03510956548
1353,143591.12499672137
726,143482.53055407183
2194,141202.92099358488
924,139195.7178376773
1530,139042.18290552023
278,138137.38369952881
1796,138089.25126820614
974,134536.08260616742
613,133177.01708441615
295,132940.7909072743
685,131396.7390506548
744,128795.67611077779
712,126438.1086903653
537,123817.43912451068
246,123245.88650449508
2067,122184.94732448075
738,120423.33047163222
1716,118979.04350524589
1260,116521.61209542035
1261,116368.50718486111
1745,115124.341840039
781,113861.85614843077
1053,110526.58782786995
971,108448.0490170154
987,107337.36472693893
1770,103836.53277497223
661,103374.7968922185
2189,102408.6003854638
747,102274.08673203315
1306,102106.18097174304
1575,101853.9096513257
1094,101289.79551203061
739,100160.18714134392
1706,99773.74365971191
809,99105.32160839987
766,99028.48962156635
680,97961.44739141277
841,94574.47076673957
667,93820.0230502717
1571,92482.43657092219
1727,92114.10199321625
896,91624.86457487699
1268,90101.13303271294
861,88074.06912491727
832,88034.7252563783
722,87134.26308713344
451,86204.39409180751
443,85349.90565616726
1095,84424.9595133544
1820,84138.7256464207
569,83263.69463000716
714,80854.41111271681
510,80615.43142865846
1536,79615.92193928514
514,78993.3262352907
1748,77937.16856607089
612,76960.86114660052
749,76435.81749013775
1833,74511.4524394119
468,73921.39774063957
1805,73767.24651196407
894,73703.0203298466
752,72846.70346388582
258,72476.79088374159
813,72398.38080282044
1462,71610.58290225409
1082,71390.40717614732
683,71282.62943534234
433,70804.48144267601
1422,70425.47147791019
196,68883.76184522548
1740,68698.78933219225
301,68056.56243921541
851,67291.73822509222
528,66776.98348322365
541,66564.71395520165
1184,66406.17553126274
1801,66226.43094138277
134,65960.08899908021
1827,65820.8482572175
1518,65684.52090553605
264,65653.4846940644
332,65285.868615412655
753,64907.47044080937
737,64002.03234132235
1265,63587.20573629093
1303,63514.174086535575
1786,62961.16376288204
1254,62641.86814259745
1183,61913.425928092794
370,61540.77662673062
776,61467.59415164918
1508,61243.55277113217
1656,60847.01645707707
445,60343.09070864282
671,59841.82483583433
860,58631.777417944075
559,58609.018132629135
834,58564.00476624812
650,58510.73494099294
225,58137.142403667895
150,57800.864532395615
930,56806.500071052695
1563,56626.33373247046
932,56566.39821334352
864,56186.93336581311
331,55613.12755171655
690,55100.984038628325
1773,55085.71175935055
856,54679.56478974936
729,54665.32287904916
816,54555.47960251281
1633,54433.29238800264
248,54292.409571695505
211,53728.67577421555
978,53312.257159371096
542,53160.42334445993
1756,53068.2725345457
308,52812.34997279651
539,52461.538629442046
774,52273.065658570886
291,52241.714361720515
1494,52069.528706178084
102,51953.539852540816
536,51645.75793882469
538,50335.7620341916
1625,50088.383736230775
1435,49612.38943195281
586,49608.79834927711
1330,49543.36657046863
1196,48939.95049159579
1793,48889.86611658442
992,48438.468735604525
1532,48401.433408548546
1754,48343.96933360075
568,48323.1828327175
546,47900.35246013386
652,47792.37066334204
1558,47718.553627445006
1065,47650.631670074836
1816,47494.132189101096
602,47039.71828426292
432,46996.425780458
1342,46491.95001400481
1371,46027.90810122391
1807,45845.10017349046
153,45716.221729769095
2182,45679.772995322215
622,45603.45769803323
1311,45574.870403846755
1667,45416.35471196631
995,45344.570504595824
849,45298.26370098737
927,45137.39029235903
1757,44583.95452567492
1347,44306.13885223638
1346,44303.964614753684
1336,44109.25698939128
1668,44101.156161109255
882,43863.23666819604
1609,43662.00404099441
233,43570.320846678114
1437,43068.513536548824
88,42784.83511849411
1531,42705.65144068171
664,42587.77876809553
1428,42533.12190055772
1108,42511.10201470846
1241,42360.38248016652
187,42297.98661234216
594,42151.01796092864
160,42015.66267065954
1035,41913.113164447874
619,41688.13480735708
25,41686.936710823866
1323,41650.45198542768
598,41635.72004906104
2186,41599.46891358105
270,41549.88527417159
855,41520.47416672054
593,41065.626223402316
224,41025.927321869785
848,41010.712061183236
1412,41005.66501737243
205,40762.17930367492
428,40347.038403475955
262,40207.29819948787
1292,40058.62686577193
372,40049.53882506747
155,40046.32636853955
674,39857.97855289347
862,39856.803088001994
1288,39846.902506640596
1590,39822.35487692229
328,39758.85153381162
1049,39584.1980713167
1516,39434.44036786489
845,39256.09158525348
1777,39209.95855547309
642,38981.379397219695
800,38842.45859069953
1610,38805.5643776706
1512,38256.06156418963
846,37577.310595941424
1569,37506.33237000669
127,37406.11044865324
1109,37352.6568004197
1630,37293.33325257072
549,37145.51917808801
184,37097.27852128338
1758,37060.90998166984
1441,37008.581632580004
1730,36830.64979756397
708,36655.06687584051
434,36640.48403567303
256,36425.021507127305
1361,36383.366853112966
1744,36253.62738801509
600,36241.292177421485
1054,36167.77667640779
588,36066.52443641366
284,36040.35772228175
727,36024.3469683568
341,36004.32128984047
1475,35999.72356780664
628,35778.04262451643
985,35716.62535220013
1180,35688.871447894046
1429,35665.96826780946
958,35596.26246226946
1815,35565.43206342026
676,35426.136207001866
1570,35342.94726913829
718,35307.81513371208
709,35165.60393399808
206,35099.16749838267
1526,35078.57398139069
1810,34941.9653125779
1480,34923.1468837315
1651,34906.69036918293
1468,34849.63124037933
1378,34759.79326359349
906,34683.990201488916
703,34588.5778825421
1742,34581.66924328846
770,34577.970740943405
1761,34413.46085420402
1370,34204.09107947159
1200,34056.42264458606
1559,33964.50257659535
826,33937.86497577197
2085,33532.450797307734
282,33526.42905679545
1098,33525.842083947
194,33502.76027536457
197,33456.04091492473
1618,33443.63908758295
1320,33426.10935655565
869,33385.29900495741
710,33354.00561920961
1784,33293.023731234345
1504,33244.31103338905
1681,32999.45359839237
1647,32999.45359839237
740,32963.29413596112
922,32962.099416974364
146,32931.04528004314
2068,32852.39545851479
1322,32834.8784098043
247,32831.58211454731
1562,32785.23631091222
507,32711.180243616396
1552,32705.730395771516
511,32679.30073136099
1341,32657.232305769783
599,32647.467821136324
1578,32645.88127135087
266,32535.413962923096
1358,32457.17846637794
592,32135.528434299125
89,32077.91569222888
387,32052.03253229216
837,32051.81090850357
1564,31992.0398969818
512,31941.155387019782
1002,31906.00444043907
26,31714.831742597242
1401,31687.390056665303
1515,31604.93188700842
1733,31539.994606860193
524,31492.987161248064
1829,31475.806921522322
679,31475.77330206845
294,31427.931607172526
717,31402.77169784607
1313,31363.54146456778
1083,31309.375468857324
252,31307.90577059837
977,31240.507583185376
1705,31214.323654901124
934,31203.465635949444
481,31136.169367214028
326,31095.27608060773
767,31048.95153664417
669,30965.85284171753
836,30926.72682245863
850,30905.44688732682
289,30902.499332910098
608,30890.435189319487
1426,30879.63052370373
939,30857.004685006752
1631,30784.38545900644
1008,30729.150822133786
920,30726.269014138015
857,30726.269014138015
564,30694.805905062618
273,30671.617067801297
2195,30669.965849117292
630,30661.69253400953
2177,30636.89267398974
2197,30591.50437936619
947,30509.238339954605
742,30492.087059690613
822,30491.150337078754
2257,30476.424858879927
2287,30420.680893369856
1251,30314.112818705104
791,30314.091268451535
1367,30301.474201718975
496,30284.710954895338
2193,30284.710954895338
2185,30276.59309724332
989,30214.08393574926
1577,30196.40663703272
1318,30190.53481456807
912,30188.99098461436
1538,30143.444995682134
2069,30103.981325113502
1580,30099.37499795529
1702,30083.248467235986
1737,30079.218856510455
1640,30079.218856510455
1792,30018.87157664585
968,30014.53021373923
1230,29970.724216430863
794,29898.71639158268
827,29895.911322766
173,29853.099696301117
1269,29850.860608632833
201,29808.455344887192
234,29803.237247315836
404,29757.868746613814
604,29720.304265389557
1467,29713.14131515834
982,29704.523626110687
677,29704.523626110687
715,29692.696397295545
139,29676.937749023764
1615,29648.733871070563
638,29625.80873241809
334,29579.713577897783
486,29563.061982571457
521,29559.14693448862
1060,29549.738225093482
2304,29532.070601951546
526,29523.94648834948
167,29457.442115800073
366,29438.30608071601
937,29424.456897520304
1220,29401.8654208231
2264,29395.41493985103
485,29323.56239896419
1878,29306.328297440003
1234,29297.006145248084
2184,29271.578569711688
1549,29226.421931373043
1718,29173.452154775066
1821,29169.603674874303
462,29133.66108246302
1301,29112.61466463179
808,29082.977716613932
983,29079.6458480524
535,29056.74091143314
1405,29015.405897125558
377,29013.220236231227
1316,29012.096350623255
764,29007.236693101695
1657,28989.579275572985
459,28978.997789290548
773,28938.08506164334
1199,28924.873662166312
2271,28922.40805673459
829,28899.2799761276
513,28897.161779465256
1086,28896.44375993482
1877,28889.595604135855
936,28889.595604135855
337,28840.705371737175
491,28836.715523805156
2421,28833.892160711457
886,28779.19569283649
660,28772.69905340146
975,28746.401305468993
901,28730.280580075927
873,28629.516335527205
1117,28589.143640921506
483,28582.710415487512
2468,28544.79489449902
887,28517.270693081744
1274,28511.37027081938
1445,28506.786825750223
327,28506.12527657843
1197,28477.930617781814
1495,28457.90383135283
811,28454.199554220886
217,28443.09105769378
1404,28408.23948697626
1743,28377.963327973903
1514,28347.868711877643
755,28336.043197922474
883,28321.142185544362
1477,28317.647709930792
2578,28311.610158172054
953,28293.80176908688
1235,28293.219955969103
1654,28282.194420638265
972,28260.83762353644
2267,28253.52008519876
2555,28247.185392765085
582,28238.893536382013
1644,28212.515221122576
540,28202.37684151606
1966,28200.393039671148
1676,28168.639689166343
1749,28157.68677336815
681,28155.010987551108
1787,28146.740234534624
646,28122.28914351587
756,28112.71587943407
1617,28103.017749970524
279,28101.817733578828
547,28089.62433858954
931,28021.883671510383
245,27971.506717325934
1523,27959.36284382775
1209,27954.397546084834
107,27952.332089031643
556,27927.151276204087
109,27873.306895850146
1557,27867.945888662656
1841,27839.217633127577
336,27827.657609708192
1115,27824.82985427702
1334,27823.80244664008
518,27816.044433345684
938,27748.27426780301
16,27735.448643761036
668,27719.813572519786
1491,27684.914376788147
1424,27667.716361252857
1382,27662.43855202712
1287,27561.426417696253
300,27493.945205270753
219,27490.73703638651
1483,27483.393745836893
1377,27473.320101769383
1293,27453.649123200983
1386,27434.798014123935
346,27402.70046248856
1747,27378.532185306125
1194,27364.538740887245
748,27360.74050104861
1830,27354.050685536648
476,27346.517028184633
803,27339.796620968173
895,27332.820666763997
1751,27329.60195506704
2216,27325.920870106675
1344,27313.693070384455
1069,27311.949373095635
897,27304.943509460463
502,27294.63398171479
2328,27289.17838535051
1137,27280.74595169426
699,27277.275601228837
996,27266.868524028712
923,27263.20760277767
255,27259.73392693604
963,27246.07223834533
1070,27245.48128987469
175,27240.463624850934
961,27235.683020771987
2638,27221.721403929558
446,27155.269070169983
2091,27152.378122388178
1247,27149.002965310385
819,27145.918487019633
2419,27145.547441530067
1307,27136.633410751965
1665,27124.828124119766
1535,27114.837263202153
1637,27104.114009847366
1421,27085.087756558445
576,27077.123317174523
772,27058.926828201274
110,27050.674714433142
620,27049.689173057934
1221,27049.059567379038
2361,27035.12699716982
1779,27021.585933270504
1620,26990.728017320398
1298,26978.23418484103
412,26977.082612468166
2096,26966.878569280256
2034,26954.369952760513
562,26950.589291872595
2032,26943.77491062816
1510,26942.971468139847
607,26940.368689640007
824,26939.018863979265
516,26930.15390324973
296,26925.914409452467
2345,26908.455002010513
976,26896.14656196819
200,26878.547353858517
1345,26865.450509896575
610,26858.81287200177
1041,26854.21818516613
1071,26846.6193673333
2431,26833.830919628137
1090,26833.534277840517
283,26820.520961131246
1374,26817.815887956647
1225,26816.85923260568
1249,26813.466824261148
2103,26810.07685640237
1452,26800.19365170445
1206,26799.90361567272
1427,26780.1781201713
1624,26776.192711121632
1442,26772.02696256082
1550,26759.220702420185
2246,26757.38809919927
2247,26737.172128551523
2090,26732.60244871756
1266,26722.114186868548
802,26715.788741561686
1154,26707.322540033907
1116,26703.05496372957
465,26699.51586299129
1413,26683.374801307495
1469,26675.35059467229
949,26653.185163519734
1240,26641.30256916405
1539,26641.11046294408
1044,26634.584793416965
2600,26617.80144822584
1534,26604.08506001621
1185,26602.98289202339
1343,26591.590176659447
271,26584.798153295458
566,26566.258029058885
844,26561.396793665783
785,26544.400954751993
1335,26541.333818588642
418,26530.43834180344
1061,26529.307237494413
1991,26521.844706858294
108,26512.975718051835
1460,26504.69328343776
2173,26493.036192227566
746,26491.377646858495
1454,26488.058054113208
1655,26487.433195656773
174,26484.29542450258
1817,26480.77343678305
1014,26474.128504070883
349,26471.422982214353
731,26463.192750324357
1621,26457.484017445426
761,26444.85178501989
853,26431.581173422725
760,26431.489955252673
979,26426.733392794795
1410,26423.05144088055
1760,26420.948284553524
854,26415.00693929061
338,26412.21694997084
1804,26407.6812944999
577,26400.281982755714
589,26396.978350559162
1797,26394.424278463892
430,26391.983605063237
1525,26380.683496927624
47,26370.571613753393
1768,26367.940128492293
1639,26361.32530916424
762,26355.46848508596
1735,26351.40773873759
1638,26351.40773873759
1473,26342.265031217074
212,26325.77464968999
50,26324.455124600372
1102,26316.693125014688
918,26316.20739179273
2178,26311.301214561532
942,26304.72795832127
1704,26301.903601014837
1324,26288.872248867272
1819,26275.558320497243
1838,26249.252538655124
2236,26235.85730925123
414,26235.07622010224
1226,26213.14643767869
1113,26212.172727851175
1482,26204.225235774964
1850,26203.312226953254
614,26203.15683766935
304,26191.135159151436
1179,26186.934149388293
1672,26186.934149388293
1365,26178.13123784658
495,26173.778683851215
165,26164.744753766856
1295,26160.712061511782
472,26152.969883173326
216,26135.61151845681
1362,26126.7087256251
2235,26121.672770025147
1231,26121.57490293508
1544,26120.78149198843
1566,26114.251494661105
1246,26105.27326196224
2248,26102.17318085117
437,26093.312162718637
1380,26092.089509419122
908,26073.76418535216
2562,26071.865989342274
1123,26066.480627181005
228,26064.018870366326
1541,26058.358269007935
1595,26053.210264647583
1411,26050.776862237522
998,26050.28094866294
629,26047.042826113564
1326,26046.490632657184
505,26043.80530759814
1509,26034.81565572678
605,26027.626770273524
1051,26022.088020105537
1576,26020.749812974842
606,26011.463311281215
2258,26001.772465690887
1317,26001.010863349795
395,25999.02447899368
1232,25998.063519869003
1585,25998.034850333017
1237,25981.87715458247
1540,25974.445283874116
2320,25973.325238126323
888,25970.094931453677
1267,25968.938925811817
2608,25965.705876183205
1453,25957.187318649598
595,25953.399418243454
1222,25943.091396727305
2249,25941.12621845494
1043,25936.635534234138
522,25921.225713029467
105,25914.798155248252
1636,25914.05895113885
1040,25888.29315905409
1045,25859.35247376835
1157,25854.309957368678
1407,25851.53806567624
1423,25844.450801093106
354,25841.37476464041
871,25838.169020303994
145,25828.259724764946
1444,25820.528923399004
164,25818.666044440604
1256,25817.634720148402
792,25812.099110827607
1802,25808.02185931149
396,25796.368572168845
1543,25790.746832166733
2176,25789.937350707132
1679,25788.812210610657
1677,25785.612684307744
967,25783.558585460887
73,25777.18218768515
1338,25775.384195030027
1111,25774.480577749477
151,25764.43648985958
2187,25761.251543242535
463,25760.797906413613
388,25754.189452231916
946,25745.33566988404
1937,25740.881662347234
2084,25736.456968094753
2050,25729.922786120915
881,25726.342375485663
1244,25724.934455135128
1741,25724.930672540977
1270,25721.82420491574
872,25717.201109884416
1893,25716.7910005747
58,25707.197730650852
111,25694.503924335117
870,25688.552085043848
2631,25686.721468564898
188,25684.933081427534
969,25675.480845465674
136,25675.480845465674
2595,25670.82447477999
2522,25670.03190412192
1063,25669.199539385747
1448,25663.025529652732
306,25662.766792765764
2532,25659.78115141682
2088,25659.594196368802
795,25656.088448894665
2508,25647.767269253705
1497,25640.744097945393
1136,25637.49804305682
358,25634.234572581943
745,25634.234572581943
1824,25632.731747545808
1527,25628.203530501487
1165,25628.15173180638
1834,25626.391190021946
1746,25623.221791994787
925,25608.708535222293
561,25605.910087787084
793,25605.74986751353
113,25593.29125831876
640,25590.138009208888
1783,25585.23475740438
1832,25585.23475740438
148,25583.833259891166
484,25583.50541300146
260,25580.46993367727
1403,25579.237736848947
381,25574.33212526665
2637,25572.5911521621
263,25570.999600939915
705,25568.08158182073
1239,25566.272858022305
1813,25556.799799171044
1284,25553.643280940065
866,25552.32958880708
750,25545.991559303955
376,25545.880538133664
277,25545.771053385768
603,25539.76521588981
1042,25537.86944370497
1843,25537.86944370497
1036,25534.7164260353
973,25533.479081730216
287,25533.1707658583
1818,25531.563991289415
79,25527.19526930969
1632,25525.260869994563
1283,25522.11018315848
2572,25506.3654813531
1489,25498.56796216171
1811,25493.780190159316
728,25492.675751024184
1780,25487.427321515333
2652,25481.20419592832
309,25479.72331919752
2580,25478.061648948376
1689,25471.778295881573
935,25467.614629740427
57,25467.028464491534
1080,25466.87686115534
457,25459.758051548913
119,25448.843045334805
1496,25448.617816794358
494,25445.71646682883
1438,25445.25514857813
734,25442.590464771823
1073,25438.803829726934
1848,25434.126862558358
1782,25430.993005780772
1568,25428.116138008412
1039,25427.859727210638
1983,25424.727026705787
1327,25423.56344868155
2215,25414.482363093266
1604,25412.20200249724
1354,25401.617765771574
1223,25399.686215970676
1719,25384.05445947381
2212,25383.30576276952
959,25370.851191977454
154,25367.978014405217
2204,25367.738982280698
1434,25367.09253622142
1481,25363.974561345014
1100,25363.65674912304
1119,25362.93568532644
1212,25362.19419175706
1333,25360.936609768287
585,25358.405790142493
907,25351.50840358746
1211,25346.596970336643
1166,25344.622640540245
2545,25342.164810158974
363,25339.05142586312
2171,25336.648372673077
1699,25334.129532960855
1726,25331.014108519947
1048,25321.67127671112
2339,25321.67127671112
1075,25319.878855468385
2583,25318.558146143674
2273,25314.918959432853
1182,25314.918959432853
1533,25307.499881831853
616,25305.614914571892
2127,25304.841998154745
1332,25304.769556963325
215,25301.73548285202
2181,25299.415068804155
1046,25296.782271565862
623,25293.21750237698
426,25292.50759778774
1999,25290.33270908556
2165,25290.11957356691
2544,25286.21147609383
2646,25281.245242247183
1229,25278.139551240536
678,25277.73355109324
2229,25277.73355109324
2618,25271.929882963334
369,25270.70173942655
438,25270.70173942655
1553,25268.825905412712
126,25268.450007737687
2028,25259.171580344086
2179,25252.988802426404
917,25249.012048567114
480,25247.840598260464
782,25244.302914157823
1592,25244.01462465229
2597,25244.01462465229
2463,25242.57968594917
1458,25236.630463373684
290,25236.630463373684
1692,25234.719799147297
231,25233.536488848098
2467,25233.27092801976
267,25227.350244949386
1561,25208.123768155536
1263,25206.866051683133
1281,25197.591699676683
1551,25192.64900557292
2620,25191.41163689382
2083,25190.28046741833
1118,25184.463831661946
220,25184.11010843664
118,25182.326504883327
1583,25182.145797773275
390,25176.28707576169
2641,25172.885061385976
138,25172.818944272905
1646,25166.714070130285
1529,25161.742090977536
2029,25155.601280313385
874,25153.292263882297
170,25152.284081548885
560,25151.30001134202
1016,25149.962717137114
639,25145.1568154603
147,25139.015871190357
2575,25132.814077346917
1635,25129.73565111947
1418,25127.22903728436
1736,25123.580492379686
1210,25120.503759591364
1652,25120.503759591364
1455,25119.457866894038
842,25113.313486731535
1125,25108.344885528295
1663,25108.202469097494
2307,25106.793961112835
104,25105.280876127727
1931,25100.09821835004
120,25096.092214085133
1803,25095.910197044825
1213,25092.838537130472
1217,25092.838537130472
533,25089.96924315296
1731,25089.767440180483
1493,25085.691630257017
20,25085.23132433586
144,25084.330628542528
2628,25080.557525741904
330,25079.559623215453
2567,25078.576238022597
1409,25078.500360969425
207,25073.429862262936
1520,25072.43217212927
1057,25069.360983718434
2635,25068.28551298781
1472,25067.30234630289
2259,25065.49976581163
274,25064.23942985255
828,25061.177074239415
1243,25059.087403490663
1774,25059.087403490663
916,25058.115279326605
1593,25056.02249008265
1881,25055.054044977274
140,25053.278455669195
1924,25048.9332574219
2148,25047.878416684933
2589,25046.831117213136
1420,25045.24252839817
1589,25043.7684482516
1352,25042.03389387118
2511,25035.901093675522
2433,25031.523378730548
1038,25028.46351224769
2119,25027.528138631726
1517,25026.423381749857
112,25025.81318402837
1765,25022.345459402048
1675,25022.345459402048
2174,25019.71592708019
1430,25015.308947525697
1214,25013.17257838498
999,25010.574221046212
487,25010.574221046212
1350,25008.33127621157
1406,25004.311486135553
1275,25004.004731993802
2445,25002.210817676292
1290,25002.210817676292
898,25000.047527294555
843,25000.047527294555
2128,25000.047527294555
1629,24997.89562959557
1084,24992.69958183611
171,24990.7950177898
1498,24984.81033684637
1521,24983.595720286947
1767,24979.581727351844
250,24975.658262372624
1384,24974.696463227192
900,24969.566517702704
790,24966.521480355314
268,24966.521480355314
655,24964.94079775424
253,24963.476999485487
1029,24958.24089066784
34,24955.82910887291
2203,24955.82910887291
1279,24955.194428613773
553,24952.792988331374
2318,24949.91286794949
1228,24949.10317482399
962,24946.722410066675
1586,24946.058382817053
1393,24944.17804642818
686,24940.654047993685
1385,24935.033398967447
2101,24930.024398697784
1339,24928.93975305367
1058,24928.69252639934
980,24928.523968108446
129,24928.523968108446
940,24928.523968108446
1476,24926.986584997303
1794,24924.760410697287
43,24919.432217679238
1750,24918.68027700755
1984,24916.40274005344
2636,24912.602364090428
743,24911.80583457367
448,24911.789104467585
2051,24910.728427686725
1771,24909.564240083782
2630,24909.564240083782
23,24907.71186869656
670,24904.290355216934
2,24903.489656299047
2213,24901.263639752506
2456,24898.50491152968
1066,24895.229396745308
454,24895.22186630532
288,24893.607216033648
656,24892.18680499766
2634,24891.347141864877
1285,24891.347141864877
1738,24891.347141864877
2305,24890.576050053744
1678,24888.31289853939
2642,24885.279209057528
2470,24883.308329527576
2454,24883.308329527576
1918,24880.270678064837
641,24880.092080804818
2617,24879.213491085815
2211,24877.069777817494
1369,24874.19703899697
1296,24874.19703899697
2107,24872.400664589197
698,24871.026824578013
238,24869.373367492943
1207,24867.08869534069
2131,24857.2696993678
440,24857.091518510657
2389,24856.151218519386
360,24845.17485721923
2285,24845.17485721923
913,24845.17485721923
1671,24842.86563451996
954,24840.845078292183
1156,24840.845078292183
1943,24839.840236548247
492,24837.829927302984
1135,24837.829927302984
1373,24837.80173598489
2134,24837.587538977903
2546,24833.08883247012
596,24831.80127284669
2485,24831.743597329667
1258,24830.767352254345
825,24827.049123942856
2367,24825.774814197408
424,24823.361025275615
1720,24821.69942957804
1766,24821.69942957804
2097,24817.76307928868
2188,24816.739241029118
1273,24815.656902462455
183,24810.19557532203
1709,24806.59724111585
406,24805.371999403687
1188,24801.690916352643
2242,24801.690916352643
2439,24801.486033187568
1032,24800.590939291287
2592,24800.56021820938
1795,24800.56021820938
814,24799.897659223974
339,24799.897659223974
658,24798.68289481046
1929,24793.870043734434
186,24793.804217661193
2250,24792.66849405567
65,24792.66849405567
2334,24792.56447346044
1836,24791.508808164464
2378,24789.662114577353
684,24789.662114577353
185,24787.70522454317
2559,24786.182342165463
1814,24785.477282786833
573,24783.65099675493
1942,24782.462344093445
1781,24779.447954552536
2066,24777.642066226625
106,24777.642066226625
1097,24776.62633298998
2238,24774.638420866122
2052,24774.638420866122
21,24774.442138802715
2502,24771.283585988716
1193,24770.408079511883
222,24769.81051511836
2303,24769.781523778103
156,24768.63276928945
1992,24766.772925062698
214,24766.772925062698
2202,24765.63076280822
1305,24765.249698809985
2241,24759.628387797628
1006,24759.628387797628
1134,24759.628387797628
2434,24758.36259284341
1724,24758.36259284341
2151,24756.018315206748
444,24754.78746579455
1224,24752.343138564585
2234,24750.628918175556
587,24750.628918175556
2462,24750.174595921682
2566,24749.99210090812
458,24749.932207924998
2577,24749.33423322357
1399,24747.637564417902
2206,24747.630185877275
2453,24747.16122257322
1645,24746.32587557094
1443,24746.169409539776
1151,24741.634356850882
1700,24740.310802799442
801,24739.720163534163
1613,24737.304087414985
2156,24734.936163960687
100,24734.895815363943
2604,24734.297919187724
75,24732.644700254492
1581,24731.29229798496
926,24729.6492373789
1308,24729.092501899988
1648,24728.287223674044
2079,24725.90917850493
2554,24722.901278674315
835,24721.70958425548
2132,24719.893926282995
821,24718.709731519564
777,24718.709731519564
706,24714.680086986355
1791,24713.270050856965
1739,24713.270050856965
1431,24709.713445769758
357,24709.713445769758
1081,24707.8699884562
1661,24707.26700533457
2282,24705.705123192587
2266,24705.705123192587
993,24705.705123192587
1337,24705.03155554932
2466,24705.03155554932
1691,24704.2663013876
1722,24704.2663013876
1872,24703.76201893667
2214,24702.714555544466
1297,24702.026399721835
62,24699.724531151824
1020,24699.142003743527
1698,24698.266530460638
818,24697.726028904955
1490,24697.726028904955
1470,24697.726028904955
2276,24696.73504988308
386,24695.714309158004
880,24694.7305364515
590,24693.746111606673
2515,24693.014212344646
2602,24692.26894127482
342,24691.735588439202
436,24691.574980602305
2465,24690.01124281233
1485,24688.741184736158
2115,24688.741184736158
910,24688.741184736158
99,24687.769863504895
1503,24685.747325210516
1204,24683.276645948194
1763,24683.276645948194
1037,24680.280303898286
1587,24680.280303898286
493,24678.80956050834
2280,24678.80956050834
2626,24677.284506491207
1007,24677.273255395874
1447,24676.78085663518
191,24676.2026573632
1170,24675.823877425675
1545,24674.849242952285
1019,24672.11795642455
41,24669.854137346934
2648,24668.30038080777
254,24667.795588402812
2095,24667.795588402812
1348,24666.007140173646
1582,24665.306760653042
1799,24662.313684481865
1013,24662.27850144069
637,24660.903590477417
1396,24656.68579525458
1500,24655.81899254379
1528,24653.87040755062
2613,24653.337718552488
348,24652.850748464436
68,24652.298442180327
1896,24652.060816602298
2170,24651.957916359752
2196,24650.60379919699
2417,24650.346816998564
2504,24648.026964657452
1785,24647.35645876991
2289,24646.876611596315
313,24646.876611596315
2086,24646.876611596315
1714,24644.366643734997
1363,24641.739195687653
2571,24641.37737176232
1772,24641.37737176232
2240,24640.037924593173
1643,24638.388642720427
1837,24638.388642720427
1120,24637.99156695952
2055,24637.059278229677
2506,24636.05107059823
2490,24633.058457077423
1487,24631.950758001494
298,24631.950758001494
500,24631.10360648103
55,24630.1690632317
1077,24629.92725680503
455,24629.793150155583
2261,24628.836436581994
1387,24626.632808432285
2621,24626.439153232954
1388,24626.180406432293
149,24625.150095165605
2327,24622.17414934378
994,24619.198743238452
532,24619.198743238452
64,24616.223876719105
2209,24616.223876719105
2054,24616.223876719105
2487,24615.114189765678
1236,24614.498340131835
2117,24614.05760767646
90,24613.249549655266
2326,24613.249549655266
1195,24611.51449155801
1601,24611.51449155801
751,24610.98256524877
48,24610.27576191648
609,24610.27576191648
2172,24610.27576191648
950,24610.27576191648
2464,24609.137112291373
2605,24608.531184602583
351,24608.09755278179
2237,24607.302513372357
1238,24605.548419134546
2632,24605.548419134546
367,24605.118336348165
636,24604.329803892535
624,24604.329803892535
944,24604.329803892535
2452,24603.162205546487
2503,24603.162205546487
452,24603.032774589083
2420,24602.56619502291
2089,24602.139660416004
251,24602.139660416004
1351,24600.175565869333
1949,24599.584512136735
2166,24598.386001604536
375,24597.06219011932
1242,24596.60337034512
1831,24593.62276951721
261,24593.206874321404
449,24593.07955227468
694,24592.444354010382
95,24591.31050670639
2359,24591.093773242177
1708,24590.642709522173
1710,24590.642709522173
2087,24590.2303590884
1505,24590.2303590884
1000,24589.474337898013
2471,24588.234428734555
1319,24588.234428734555
2048,24586.5048600686
2169,24586.5048600686
2461,24585.25049918868
1177,24585.066309051646
1278,24584.684211507643
1690,24584.684211507643
2319,24584.278948036823
63,24583.875500336584
1340,24582.26711127583
1842,24581.705773226702
1574,24581.705773226702
12,24581.705773226702
1712,24581.705773226702
1479,24581.304051957275
2175,24580.567518738335
558,24580.567518738335
2024,24579.373223663748
2348,24579.163438072574
2585,24578.727875255747
2609,24578.727875255747
439,24578.32969533462
335,24578.32969533462
1140,24577.599654977435
1328,24576.30195982525
1315,24576.30195982525
1800,24575.750517464156
82,24574.82520132841
957,24574.632328979384
39,24574.632328979384
519,24574.632328979384
1400,24573.321770002505
2245,24571.665540614253
66,24570.42507284178
1658,24569.797421896743
830,24569.409860904332
779,24569.409860904332
2279,24568.699289752152
2192,24568.699289752152
2442,24567.35829162359
1634,24566.82168385988
1594,24566.82168385988
1835,24566.82168385988
293,24566.437660805746
413,24564.262693156987
1945,24563.84648548027
249,24563.465999512493
490,24562.768400017685
2168,24562.768400017685
1408,24561.40144768553
2650,24560.871826627492
1009,24560.871826627492
382,24560.1220023507
2208,24559.80376088573
2056,24556.839658737645
2041,24555.523143450177
2469,24555.44097194589
2159,24555.32873275547
2584,24554.92412698091
2568,24554.92412698091
1876,24553.876093443727
1919,24552.46299316539
1356,24549.485554579212
1605,24548.978583877506
1248,24548.978583877506
649,24547.950572899827
479,24546.20657929004
265,24545.647339376657
2207,24544.988617390653
1395,24543.532297467656
1010,24543.035196275276
2120,24542.679446077418
2290,24542.679446077418
759,24542.679446077418
310,24542.679446077418
2519,24540.556478681297
2606,24540.06431046165
2653,24540.06431046165
530,24539.06631525017
1394,24537.58119956728
1701,24537.093963132847
1684,24537.093963132847
474,24536.856559907676
812,24536.745272643653
713,24536.105968359905
964,24536.105968359905
509,24536.105968359905
2552,24534.501721398
1076,24534.501721398
2416,24534.124154158806
2116,24533.778992249398
902,24533.778992249398
2239,24533.14615741705
572,24533.14615741705
1612,24531.15488340948
914,24530.813249230472
544,24530.186882292226
1414,24530.186882292226
1650,24528.186150754886
1215,24528.186150754886
1660,24528.186150754886
2102,24527.84804345712
863,24527.381745238086
2219,24527.228142856093
2356,24525.583949302545
1944,24525.217956065062
1693,24525.217956065062
1252,24525.217956065062
46,24524.269938979345
644,24524.269938979345
1599,24522.25029921009
1641,24522.25029921009
2275,24521.31227053272
2446,24519.740850703132
1085,24519.641461938736
1713,24519.283180060098
1464,24518.955648313433
716,24518.35513738699
1131,24515.6294395026
988,24515.545801023658
1416,24515.398539412974
2231,24515.398539412974
2529,24513.798379220534
45,24513.510495623534
1688,24513.350554355733
2093,24513.0300687349
570,24512.442476481523
2403,24510.89850758539
892,24510.06808371211
230,24510.06808371211
1147,24509.486948463527
580,24509.486948463527
1695,24507.42007791373
1865,24507.106635027634
2534,24506.539636441288
634,24506.531955229922
721,24506.531955229922
2513,24504.888710423173
2603,24504.455645341845
2336,24504.455645341845
1680,24504.455645341845
2651,24504.455645341845
475,24504.201492993176
232,24504.14572255202
121,24503.577496651676
517,24503.577496651676
2277,24503.577496651676
36,24501.987967003202
1072,24501.82691975948
11,24501.491749696495
1611,24501.491749696495
2538,24501.185346155864
319,24501.185346155864
635,24500.6235725998
1257,24498.528390848078
1026,24498.528390848078
2582,24498.528390848078
2288,24498.225505709783
1433,24498.225505709783
2252,24497.670182945334
2201,24497.670182945334
2333,24496.05046703145
2460,24495.983884617835
2346,24495.893042205043
2347,24495.893042205043
1087,24495.893042205043
1556,24495.565568667032
2072,24495.266201084447
951,24494.717327559374
1276,24492.603283023833
2645,24492.603283023833
778,24492.30743215056
501,24491.765006313042
1921,24490.050022900137
1357,24490.050022900137
467,24489.961314505483
1823,24489.641533788996
1440,24489.349198778866
499,24488.813219077503
2232,24488.813219077503
1167,24487.14812425431
408,24486.99625652696
166,24486.39150084015
1461,24486.39150084015
504,24485.86196572396
941,24485.86196572396
2527,24484.118311026363
2163,24484.031735623048
1883,24483.43433820523
420,24481.06775166413
1522,24481.06775166413
131,24480.997703836165
1597,24480.75950324037
2525,24478.188747958837
2596,24477.7998983449
1775,24477.7998983449
783,24477.52161833026
1001,24477.011407667927
2233,24477.011407667927
2263,24477.011407667927
1524,24475.141394062997
1669,24474.84082921094
1449,24474.582845627676
1882,24474.566060832047
2224,24474.062288555175
2180,24474.062288555175
2033,24472.32213685857
2444,24472.261332660517
1114,24472.179020161737
92,24472.071885398862
1572,24471.88229570925
1262,24471.88229570925
1721,24471.88229570925
307,24471.61103812131
373,24469.217182687386
2154,24469.217182687386
1074,24469.202378572754
464,24468.656550069067
355,24468.656550069067
383,24468.299975330247
545,24468.1656499169
945,24468.1656499169
2042,24465.218130134283
1143,24463.43227319105
2395,24463.43221405828
2499,24463.374234513314
2153,24463.295116501748
1826,24463.00990770584
2415,24463.00990770584
1686,24463.00990770584
169,24462.749177424303
1986,24462.749177424303
281,24462.749177424303
805,24462.73294024685
583,24462.27114320469
1062,24460.334887531724
2364,24460.334887531724
2358,24460.334887531724
425,24460.293570347705
1034,24460.053515441472
2432,24460.053515441472
1253,24460.053515441472
297,24459.79629257401
804,24459.79629257401
1927,24459.79629257401
903,24459.79629257401
2376,24459.324688999663
2199,24459.324688999663
1309,24457.45218410506
2440,24457.45218410506
2494,24457.45218410506
2379,24457.274631311986
1203,24457.0976581637
2639,24457.0976581637
1608,24457.0976581637
657,24456.3787673908
2427,24454.1423357435
2586,24454.1423357435
1616,24454.1423357435
350,24453.892125173476
1466,24453.892125173476
98,24453.43337824973
1144,24451.58713868576
2040,24451.58708531216
1372,24451.53227784128
392,24451.4574155613
456,24451.4574155613
991,24451.372488654702
415,24451.238784789857
1789,24451.187548051894
1606,24451.187548051894
2295,24450.940842365686
1436,24450.940842365686
325,24450.940842365686
323,24450.940842365686
158,24450.57299001431
2221,24450.488521448126
2373,24450.488521448126
1687,24448.255347580725
2005,24448.038250650246
235,24447.990093314587
1463,24447.990093314587
626,24447.544196857685
719,24447.544196857685
2200,24447.544196857685
84,24447.544196857685
1015,24445.667826075107
2526,24445.614514687753
2022,24445.27957633874
1286,24445.27957633874
159,24445.03987789151
2296,24445.03987789151
91,24444.60040435016
2382,24444.60040435016
1402,24442.38233410227
9,24442.326392059433
2598,24442.326392059433
2548,24442.09019596782
948,24441.657143797333
943,24441.657143797333
83,24439.750588411734
1965,24439.141047414912
1488,24439.141047414912
1502,24439.141047414912
2226,24438.714415071026
2505,24436.741886028325
2610,24436.421626011223
356,24436.19243210424
435,24436.19243210424
675,24435.772218043105
76,24435.772218043105
85,24433.8355531661
125,24433.8355531661
78,24433.8355531661
1091,24433.713231537415
1694,24433.470043984795
1627,24433.470043984795
1885,24433.24434990728
299,24433.24434990728
1148,24432.830552585463
523,24432.830552585463
1300,24430.82947612974
2449,24430.82947612974
2564,24430.762051534603
2423,24430.518995785198
2619,24430.518995785198
31,24429.889418570045
1381,24427.87407355568
2549,24427.807710465153
2422,24427.568481283757
1732,24427.568481283757
2614,24427.568481283757
1682,24427.568481283757
2109,24427.34978434063
2286,24427.34978434063
1432,24427.34978434063
38,24427.10992697196
2702,24426.955059530446
2035,24426.94881586883
2262,24426.94881586883
696,24426.94881586883
515,24426.94881586883
2045,24424.967013898495
2514,24424.919205726495
2451,24424.919205726495
2560,24424.85390388534
1088,24424.85390388534
2643,24424.618500351848
2633,24424.618500351848
2306,24424.403300714093
1892,24424.403300714093
2114,24424.403300714093
2198,24424.008744353825
581,24424.008744353825
693,24424.008744353825
81,24422.011903920145
70,24422.011903920145
2491,24421.96487251328
2357,24421.90063166632
1717,24421.66905286087
1484,24421.457349687586
2121,24421.457349687586
2015,24421.457349687586
911,24421.457349687586
990,24421.14929619808
2223,24421.06920389709
557,24421.06920389709
2408,24419.057420881163
1903,24419.05738127663
1446,24418.520304290516
877,24418.51193113278
2396,24418.130194370715
543,24418.130194370715
2576,24415.77175768757
1192,24415.77175768757
314,24415.567044921394
320,24415.567044921394
2537,24415.567044921394
1127,24415.191715646837
617,24415.191715646837
2218,24415.191715646837
2274,24415.191715646837
531,24415.191715646837
2167,24415.191715646837
2394,24413.14982504552
374,24413.04401988622
423,24413.04401988622
2020,24412.823909748255
1723,24412.823909748255
1425,24412.253767597624
2058,24412.253767597624
2225,24412.253767597624
633,24412.253767597624
2222,24412.253767597624
2400,24412.253767597624
2164,24412.253767597624
1389,24410.15288324326
1870,24410.092883822756
400,24410.092883822756
2627,24409.87659473589
2629,24409.87659473589
1961,24409.686011603644
840,24409.678869015923
168,24409.678869015923
305,24409.678869015923
269,24409.678869015923
198,24409.678869015923
2294,24409.678869015923
1471,24409.678869015923
56,24409.500349188274
2205,24409.316350095276
2049,24409.316350095276
2254,24409.316350095276
489,24409.316350095276
2227,24409.316350095276
72,24409.316350095276
2150,24407.14228147647
179,24407.14228147647
2031,24407.057908655424
2591,24406.9298125221
2308,24406.735579065466
192,24406.735579065466
162,24406.735579065466
2291,24406.735579065466
447,24406.454324767183
152,24406.379463012054
123,24406.379463012054
2260,24406.379463012054
2272,24406.379463012054
1186,24406.379463012054
1954,24404.292467691623
1349,24404.250092955266
419,24404.192212718754
2581,24403.983562978512
1917,24403.983562978512
2587,24403.983562978512
2110,24403.792820945666
919,24403.792820945666
534,24403.443106220235
508,24401.341473674678
2528,24401.29949844762
1050,24401.242677421036
17,24401.037845976804
1840,24401.037845976804
1828,24401.037845976804
1622,24401.037845976804
275,24400.85059452843
1126,24400.50727959214
1158,24400.50727959214
87,24398.390261531134
1255,24398.092661388702
2579,24398.092661388702
1697,24398.092661388702
1940,24398.092661388702
362,24397.908899685714
787,24397.908899685714
2217,24397.57198300014
497,24397.57198300014
2243,24397.57198300014
1329,24395.399910062035
371,24395.345206691516
2111,24394.96773628949
839,24394.96773628949
2542,24394.96773628949
915,24394.96773628949
114,24394.637216316627
2244,24394.637216316627
1364,24392.450915927013
2138,24392.39727100277
2139,24392.39727100277
2563,24392.39727100277
1250,24392.20388894037
1846,24392.20388894037
316,24392.02710421179
820,24392.02710421179
2386,24389.541031093628
1325,24389.50245499252
2479,24389.50245499252
2137,24389.449868260133
1089,24389.405600316295
8,24389.26030082377
2100,24389.087003324665
889,24389.087003324665
2510,24386.554527130094
2516,24386.554527130094
2507,24386.554527130094
2649,24386.31724460803
2418,24386.31724460803
27,24385.836094441616
2255,24385.836094441616
2404,24383.644156354458
473,24383.55666109973
1078,24383.55666109973
5,24383.37472016507
1628,24383.37472016507
1245,24383.37472016507
1233,24383.37472016507
909,24383.208394610603
796,24383.208394610603
285,24383.208394610603
1190,24383.01011952626
1181,24382.903446116845
2329,24382.903446116845
1902,24380.69648757673
2498,24380.660270107914
1869,24380.61085642533
74,24380.58010470227
1486,24380.269886527974
322,24380.269886527974
93,24380.086184766806
2104,24380.028435252436
1312,24377.713940691454
2574,24377.491266085293
2309,24377.331909124554
442,24377.331909124554
1492,24377.331909124554
2251,24377.03973715313
2472,24374.768143833684
417,24374.720844246825
466,24374.624988728632
2002,24374.550336192504
407,24374.426557634204
876,24374.394462272605
2099,24374.394462272605
2322,24374.108676259493
2480,24371.822879406347
1107,24371.77663648632
471,24371.77663648632
385,24371.77663648632
2363,24371.77663648632
2344,24371.725027883032
1916,24371.609937560515
2611,24371.609937560515
2370,24371.178144254933
615,24371.178144254933
2061,24371.178144254933
1129,24371.178144254933
970,24371.178144254933
2057,24371.178144254933
1175,24371.178144254933
1141,24368.91129479182
1142,24368.91129479182
2152,24368.83296077411
2561,24368.83296077411
405,24368.83296077411
2612,24368.670070061435
704,24368.248141012195
2372,24368.248141012195
2037,24365.966514779255
1164,24365.966320073134
2477,24365.93394733018
2437,24365.93394733018
2330,24365.7307335674
2341,24365.7307335674
345,24365.58530374864
2293,24365.58530374864
2401,24365.318666404062
2374,24365.318666404062
1138,24363.02187758654
1390,24362.990279425037
2450,24362.990279425037
2520,24362.990279425037
2493,24362.990279425037
10,24362.791927950602
1683,24362.791927950602
1047,24362.791927950602
2430,24362.791927950602
2118,24362.649977825848
1173,24362.389720303356
1168,24362.389720303356
2385,24360.07796720389
2518,24360.04714343771
1355,24360.04714343771
2501,24360.04714343771
393,24360.00512464637
2155,24360.00512464637
394,24360.00512464637
2426,24359.85365308325
239,24359.715181816362
2220,24359.461302582942
37,24357.134815101697
2053,24357.13476953038
2488,24357.10551315746
2441,24357.104539240143
2459,24357.104539240143
2478,24357.104539240143
1974,24357.063575846663
2640,24356.91590883761
441,24356.78091559267
2315,24356.78091559267
2443,24354.162466704314
1289,24354.162466704314
177,24354.122558455107
135,24354.067613964962
1696,24353.978695085967
1711,24353.978695085967
3,24353.978695085967
2314,24353.84717902729
427,24353.84717902729
1419,24353.60605177461
101,24353.60605177461
117,24351.234056607373
2497,24351.22092570225
401,24351.182072343792
276,24350.913971992784
899,24350.913971992784
240,24350.913971992784
879,24350.913971992784
2414,24350.679218432604
1003,24350.679218432604
2026,24348.307745437236
2409,24348.30764415114
49,24348.30758895152
1360,24348.279916106
2438,24348.279916106
398,24348.24211738484
2081,24348.24211738484
2362,24348.24211738484
1588,24348.10585855408
2105,24347.981294361754
2300,24347.981294361754
241,24347.981294361754
2535,24347.752912962715
1291,24345.339437787658
2436,24345.339437787658
1106,24345.302693450416
7,24345.170235518613
1499,24345.049146006837
2098,24345.049146006837
928,24345.049146006837
321,24345.049146006837
956,24344.827135237985
2278,24344.827135237985
1017,24342.425649546978
2142,24342.363800412728
1537,24342.363800412728
2147,24342.363800412728
1948,24342.23514246672
1776,24342.23514246672
213,24342.117526800703
163,24342.117526800703
550,24341.901885131512
2399,24341.901885131512
2044,24341.901885131512
2570,24339.300579270883
1662,24339.300579270883
1849,24339.300579270883
317,24339.186436616066
2310,24339.186436616066
2350,24336.48760651654
1099,24336.48760651654
2157,24336.48760651654
2338,24336.366545803638
1932,24336.366545803638
4,24336.341746339996
1930,24336.341493671247
1439,24336.255875325685
429,24336.255875325685
2375,24336.05296726587
2458,24333.582834736673
2340,24333.433041937544
1626,24333.433041937544
1025,24333.433041937544
2113,24333.32584280235
786,24333.32584280235
40,24333.12929925308
1910,24333.12929925308
60,24333.12929925308
621,24333.12929925308
2038,24330.668239804687
24,24330.668185273666
1725,24330.645370217215
416,24330.613534674678
2354,24330.613534674678
1259,24330.500067545203
1822,24330.500067545203
1501,24330.396338918883
302,24330.396338918883
2265,24330.206158351277
1159,24327.73003524349
2551,24327.67729420503
1103,24327.67729420503
1607,24327.567622499257
1979,24327.567622499257
2558,24327.567622499257
1839,24327.567622499257
1729,24327.567622499257
2292,24327.467363548156
1995,24327.451216040994
42,24327.28354443375
2323,24327.28354443375
2281,24327.28354443375
1176,24324.792500126703
130,24324.792457234944
1376,24324.77095460491
1934,24324.741583866136
380,24324.741583866136
1178,24324.63570667239
1685,24324.63570667239
6,24324.63570667239
1216,24324.63570667239
2112,24324.53891656307
347,24324.53891656307
2126,24324.53891656307
2071,24324.53891656307
80,24324.361457373816
503,24324.361457373816
960,24324.361457373816
2325,24324.361457373816
933,24324.361457373816
631,24324.361457373816
54,24324.361457373816
124,24321.855615907454
19,24321.855571333854
2500,24321.834721909916
2457,24321.834721909916
1304,24321.834721909916
397,24321.806403530467
1105,24321.806403530467
2607,24321.707062321
1707,24321.70431993731
2593,24321.70431993731
1981,24321.70431993731
223,24321.610997836568
2094,24321.610997836568
226,24321.610997836568
551,24321.43989704483
2368,24321.43989704483
2228,24321.43989704483
2369,24321.43989704483
2407,24318.919021090107
1368,24318.899019343426
2521,24318.899019343426
2355,24318.871753070533
1052,24318.871753070533
1901,24318.773462166784
2588,24318.773462166784
2007,24318.683607241637
2074,24318.683607241637
190,24318.683607241637
318,24318.683607241637
1474,24318.683607241637
450,24318.683607241637
2268,24318.518863320187
2495,24318.518863320187
2674,24318.518863320187
2059,24318.518863320187
1359,24315.96384677792
180,24315.937632358888
478,24315.937632358888
122,24315.897866712217
1277,24315.843133233604
2573,24315.843133233604
1478,24315.756744651295
2122,24315.756744651295
244,24315.756744651295
2316,24315.756744651295
1871,24315.756744651295
823,24315.756744651295
52,24315.598356073322
71,24315.598356073322
2659,24315.598356073322
44,24315.598356073322
955,24315.598356073322
35,24313.047769832378
2016,24313.04764702562
2473,24313.02920408591
2435,24313.02920408591
2145,24313.004041268105
178,24313.004041268105
1067,24313.004041268105
399,24313.004041268105
2162,24313.004041268105
2082,24313.004041268105
2160,24313.004041268105
1198,24312.913333010594
1271,24312.913333010594
2425,24312.913333010594
2343,24312.913333010594
2429,24312.913333010594
1191,24312.85387166186
329,24312.830409938593
788,24312.830409938593
1506,24312.830409938593
2313,24312.830409938593
1459,24312.830409938593
315,24312.830409938593
654,24312.678375177697
1174,24312.678375177697
2324,24312.678375177697
1172,24312.678375177697
2533,24312.678375177697
1155,24310.112778614133
1299,24310.095091139952
1310,24310.095091139952
482,24310.070979670818
470,24310.070979670818
2349,24310.070979670818
2658,24310.019719973996
2335,24309.984061370636
1855,24309.984061370636
1011,24309.95928872286
1457,24309.904602976636
460,24309.904602976636
59,24309.758920506825
2230,24309.758920506825
1913,24309.758920506825
2622,24307.1785556028
2043,24307.1783905568
2482,24307.16150781265
2523,24307.16150781265
1922,24307.16150781265
2366,24307.13844743969
1596,24307.055318186634
2569,24307.055318186634
1955,24306.989992510637
775,24306.979323638552
2311,24306.979323638552
1886,24306.979323638552
311,24306.979323638552
2123,24306.979323638552
312,24306.979323638552
2371,24306.83999193426
1415,24306.83999193426
525,24306.83999193426
2065,24306.83999193426
2476,24304.22845397663
2512,24304.22845397663
28,24304.205956382786
2644,24304.127103331535
1600,24304.127103331535
1728,24304.127103331535
1673,24304.127103331535
1670,24304.127103331535
2623,24304.127103331535
815,24304.054571797515
780,24304.054571797515
2011,24304.054571797515
1163,24303.92158933358
133,24303.92158933358
69,24303.92158933358
2447,24301.29592950457
2475,24301.29592950457
2481,24301.29592950457
1391,24301.29592950457
2483,24301.29592950457
2143,24301.274970566752
402,24301.274970566752
1987,24301.274970566752
2146,24301.274970566752
2149,24301.274970566752
1623,24301.199416678326
1649,24301.199416678326
1218,24301.199416678326
1280,24301.199416678326
2297,24301.13034732674
229,24301.13034732674
2317,24301.13034732674
1928,24301.13034732674
2298,24301.13034732674
242,24301.13034732674
243,24301.13034732674
33,24301.011344453582
2384,24301.003712578407
2270,24301.003712578407
1861,24301.003712578407
103,24301.003712578407
2377,24301.003712578407
2524,24298.363934269164
2158,24298.344025670453
409,24298.344025670453
1715,24298.272258100027
2615,24298.272258100027
1664,24298.272258100027
1904,24298.272258100027
2624,24298.272258100027
2008,24298.206650099466
1451,24298.206650099466
1880,24298.206650099466
51,24298.0863615424
97,24298.0863615424
18,24295.446352733878
1146,24295.446288105442
1314,24295.432468143175
2474,24295.432468143175
2496,24295.432468143175
1079,24295.413609631345
403,24295.413609631345
477,24295.413609631345
2133,24295.413609631345
384,24295.37890016093
1897,24295.360961801376
1936,24295.345627469702
1584,24295.345627469702
2685,24295.345627469702
2594,24295.345627469702
831,24295.283479988982
2092,24295.283479988982
324,24295.283479988982
1169,24295.16953609926
1900,24295.16953609926
1004,24295.16953609926
707,24292.514686750164
1152,24292.514594928198
1375,24292.501530999383
1602,24292.419524660454
2616,24292.419524660454
2590,24292.419524660454
2013,24292.419524660454
1,24292.419524660454
2428,24292.419524660454
161,24292.36083686862
798,24292.36083686862
817,24292.36083686862
1859,24292.25323612272
96,24292.25323612272
2036,24289.583490638328
22,24289.583461604005
1150,24289.583416696052
1124,24289.583416696052
2039,24289.583392221793
2667,24289.554363616167
1110,24289.554363616167
2557,24289.554363616167
2161,24289.554363616167
2662,24289.52497200938
1012,24289.493949545416
1998,24289.43872061173
2543,24289.43872061173
353,24289.43872061173
344,24289.43872061173
2302,24289.43872061173
2075,24289.43872061173
789,24289.43872061173
1887,24289.43872061173
2284,24289.43872061173
784,24289.43872061173
2392,24289.337461486564
1860,24289.337461486564
143,24286.65283420024
2144,24286.62553338591
1674,24286.568901997765
2424,24286.568901997765
2547,24286.517131091725
2299,24286.517131091725
1891,24286.517131091725
2124,24286.517131091725
2125,24286.517131091725
1890,24286.517131091725
2108,24286.517131091725
1914,24286.42221206459
2402,24286.42221206459
86,24286.42221206459
61,24283.722711526825
2393,24283.722635885486
1383,24283.71189218963
2517,24283.71189218963
2530,24283.71189218963
2080,24283.697231504495
469,24283.697231504495
378,24283.697231504495
2353,24283.697231504495
2352,24283.697231504495
1055,24283.697231504495
2556,24283.697231504495
1856,24283.64438189072
1282,24283.64438189072
1603,24283.64438189072
1889,24283.596068182036
303,24283.596068182036
361,24283.596068182036
2106,24283.596068182036
189,24283.526108679187
2672,24283.507487730658
1171,24283.507487730658
1133,24283.507487730658
2064,24280.793112867446
2390,24280.793054967588
2492,24280.783069703255
2077,24280.769457844926
2666,24280.769457844926
1519,24280.769457844926
701,24280.754401663704
15,24280.72038909753
2312,24280.675531756144
1959,24280.675531756144
359,24280.675531756144
2676,24280.675531756144
659,24280.593288358654
1145,24280.593288358654
2000,24277.86406436216
1132,24277.86399162372
2680,24277.863983748408
1018,24277.863983748408
1398,24277.854775563577
2489,24277.854775563577
453,24277.84221228024
1546,24277.84221228024
182,24277.84221228024
181,24277.84221228024
410,24277.84221228024
2078,24277.84221228024
176,24277.84221228024
1755,24277.796923491478
1950,24277.796923491478
2625,24277.796923491478
1854,24277.796923491478
2565,24277.796923491478
1554,24277.796923491478
1619,24277.796923491478
1960,24277.75552168756
1465,24277.75552168756
227,24277.75552168756
2663,24277.75552168756
1130,24277.6796138225
2673,24277.6796138225
1128,24277.6796138225
672,24277.6796138225
1122,24277.6796138225
1149,24277.6796138225
2332,24274.935449466073
1379,24274.92700964362
2688,24274.92700964362
2141,24274.91549468353
1547,24274.91549468353
2601,24274.873984945905
2337,24274.873984945905
768,24274.836037849836
1963,24274.836037849836
1925,24274.836037849836
1513,24274.836037849836
172,24274.836037849836
2397,24274.766463996166
2253,24274.766463996166
1899,24274.766463996166
2383,24274.766463996166
997,24274.766463996166
2027,24272.007510046158
1953,24272.007510046158
30,24272.00749454446
2687,24271.999771816427
379,24271.989304927913
2670,24271.989304927913
2135,24271.989304927913
2553,24271.989304927913
1935,24271.95157333417
2717,24271.95157333417
1555,24271.95157333417
2599,24271.95157333417
2301,24271.917080116567
2070,24271.917080116567
1875,24271.853838753646
1862,24271.853838753646
1915,24271.853838753646
711,24271.853838753646
563,24271.853838753646
584,24271.853838753646
115,24271.853838753646
2380,24271.853838753646
2046,24269.080013068073
2718,24269.073061955096
1978,24269.073061955096
2455,24269.073061955096
2531,24269.073061955096
2140,24269.063642886544
2665,24269.063642886544
2712,24269.063642886544
1909,24269.063642886544
411,24269.063642886544
1973,24269.063642886544
2018,24269.029688529678
14,24269.029688529678
1905,24269.029688529678
2021,24269.029688529678
2023,24269.029688529678
2331,24269.029688529678
218,24268.998648361376
2695,24268.998648361376
2321,24268.998648361376
2708,24268.998648361376
2269,24268.941737968984
67,24268.941737968984
2256,24268.941737968984
601,24266.15306960669
2509,24266.146879932752
2691,24266.146879932752
1331,24266.146879932752
2689,24266.146879932752
1056,24266.13850843263
2664,24266.13850843263
422,24266.13850843263
1874,24266.13850843263
2704,24266.11118147775
1853,24266.108330405867
1938,24266.108330405867
2073,24266.08074245793
1993,24266.08074245793
352,24266.08074245793
2540,24266.08074245793
2693,24266.08074245793
1994,24266.08074245793
2694,24266.08074245793
2129,24266.08074245793
1926,24266.08074245793
2682,24266.030161516253
2716,24266.030161516253
2030,24263.226638893706
1864,24263.226629585228
1863,24263.226629585228
116,24263.226629585228
2062,24263.226629585228
141,24263.226629585228
2405,24263.226598430836
1941,24263.22378492435
1923,24263.22122562257
2686,24263.22122562257
2360,24263.213901439398
1703,24263.187498836232
1852,24263.187498836232
2654,24263.187498836232
1939,24263.187498836232
2656,24263.187498836232
1888,24263.163362279938
1962,24263.163362279938
567,24263.119109269574
2413,24263.119109269574
32,24263.119109269574
2726,24260.300739952134
2661,24260.300730309664
2063,24260.300730309664
2410,24260.300703609104
2723,24260.300699674288
2724,24260.300699674288
1153,24260.300698917592
1898,24260.296098897747
1302,24260.296098897747
2486,24260.296098897747
2719,24260.296098897747
1972,24260.289821780127
2711,24260.289821780127
1958,24260.289821780127
1868,24260.289821780127
421,24260.289821780127
1112,24260.289821780127
2351,24260.289821780127
1933,24260.289821780127
1031,24260.267193694275
1906,24260.267193694275
2001,24260.267193694275
195,24260.246507701137
1866,24260.246507701137
2539,24260.246507701137
1884,24260.246507701137
221,24260.246507701137
2705,24260.246507701137
2536,24260.246507701137
1968,24260.208581103092
2706,24260.208581103092
2411,24260.208581103092
2136,24260.208581103092
1397,24260.208581103092
2387,24260.208581103092
2391,24260.208581103092
2283,24260.208581103092
29,24257.375358678153
2406,24257.375336430356
1911,24257.37533252123
1920,24257.371499631532
1104,24257.366269328126
2550,24257.366269328126
2047,24257.35988224388
1951,24257.347414853564
2342,24257.347414853564
2655,24257.347414853564
2019,24257.347414853564
1023,24257.347414853564
2733,24257.33752718421
1873,24257.330178595315
1511,24257.330178595315
1964,24257.330178595315
2130,24257.330178595315
1956,24257.330178595315
2681,24257.298576891008
1857,24257.298576891008
2671,24257.298576891008
2714,24257.298576891008
2412,24257.298576891008
1160,24257.298576891008
666,24257.298576891008
2025,24254.45050797864
2009,24254.450494145236
2679,24254.450494145236
1997,24254.450494145236
2692,24254.447427697203
2669,24254.443243956743
1971,24254.443243956743
2365,24254.443243956743
1028,24254.428162187683
2698,24254.428162187683
2699,24254.428162187683
1908,24254.428162187683
1946,24254.428162187683
1030,24254.428162187683
1027,24254.428162187683
2709,24254.428162187683
13,24254.428162187683
1022,24254.428162187683
1985,24254.41437483628
2703,24254.41437483628
364,24254.41437483628
1867,24254.41437483628
2003,24254.389096507537
1162,24254.389096507537
1967,24254.389096507537
2715,24254.389096507537
2381,24254.389096507537
2657,24254.389096507537
137,24251.526197840234
142,24251.526197840234
1912,24251.52618449476
2017,24251.526182528058
2678,24251.526182528058
2388,24251.526182149846
2701,24251.526179912995
2484,24251.523882968086
1975,24251.521625087047
391,24251.520745539372
2696,24251.520745539372
389,24251.520745539372
2647,24251.509435570275
1980,24251.509435570275
2010,24251.509435570275
1947,24251.509435570275
1970,24251.509435570275
1969,24251.509435570275
2541,24251.509435570275
2697,24251.509435570275
2668,24251.49909629789
2398,24251.480139826956
1139,24251.480139826956
662,24251.480139826956
2677,24251.480139826956
2210,24251.480139826956
2006,24251.480139826956
2725,24248.602411737083
1996,24248.602398173516
1952,24248.60239643035
1957,24248.600865317534
1977,24248.600865317534
2448,24248.600865317534
2690,24248.600865317534
2721,24248.598773949434
1976,24248.598773949434
2731,24248.591234875006
1024,24248.591234875006
2700,24248.591234875006
1982,24248.591234875006
1021,24248.591234875006
2675,24248.58434285405
2076,24248.58434285405
2732,24248.571706723564
2713,24248.571706723564
1989,24248.571706723564
1990,24248.571706723564
2727,24248.571706723564
2734,24248.571706723564
2684,24248.571706723564
1895,24248.571706723564
1879,24248.571706723564
1858,24245.67914605778
867,24245.67914516109
2720,24245.67837461894
2729,24245.677329060385
2710,24245.673559975578
1907,24245.673559975578
2004,24245.670114378674
1988,24245.670114378674
2014,24245.670114378674
2728,24245.670114378674
2012,24245.670114378674
2722,24245.670114378674
2660,24245.6637970717
2730,24245.6637970717
732,24245.6637970717
2683,24245.6637970717
2707,24245.6637970717
1456,23756.383693659485
552,19728.204192061683
1187,17720.3014809272
847,15966.51932324307
1201,15903.486942847661
891,15798.771439584125
1653,15647.79716951255
365,15428.761965479478
885,14583.144557742025
1548,14011.223588963081
741,13979.75526419796
875,13597.125557569627
1752,12185.376962042526
209,10912.105673610815
203,10552.202875434663
292,9881.956061963216
965,8149.741302711282
237,8137.834402158673
193,6805.286928014324
132,6371.014655901366
981,5873.944477958872
597,5816.078352807626
651,5418.330895922684
1096,5248.836416613991
697,5011.136289065099
736,4564.637262985668
1542,4485.201331883647
758,4440.343945622817
904,4359.228720721081
1573,4262.9279787441355
1202,4198.68645432358
1264,4060.846530289235
1659,4011.701646825588
1808,3920.224413516063
286,3306.411163993691
725,3260.223246146189
765,3092.3698838709965
663,3046.176197220574
625,3040.1862706120855
893,3019.989190176737
673,2960.0905292191733
858,2705.8030845649932
579,2560.5532149128603
682,2312.164731748707
702,2198.2101144213975
128,2122.354859907501
574,1880.5716858439612
204,1861.0361789059455
627,1817.1627761172485
529,1734.6460767942078
1734,1648.405063840245
700,1572.087641330297
647,1517.6907991358014
157,1413.34043084491
571,1300.0786107660258
554,1263.983518967747
280,1222.3044774558336
730,998.315072626967
733,872.7356371131763
591,825.6558387313459
645,770.8022377260287
199,753.453578249934
806,721.1142006673189
575,598.0102317293946
506,476.04709628151767
259,452.44648271435886
691,399.39366122883274
648,396.6187504643699
